#N/A,Unnamed: 1,Unnamed: 2,Unnamed: 3,Unnamed: 4,Unnamed: 5,Unnamed: 6,Unnamed: 7,Unnamed: 8,Unnamed: 9,Unnamed: 10,7. 患者ケアのための診療技能,分類(近藤),分類(磯部),コメント,知識,Unnamed: 16,Unnamed: 17
,,,,,,,,,,,,,,,,,
,,,,,,,,,,,,,,,,,
,,,,,,,,,,,,,,,,,
,,,,,,,,,,,,,,,,,
,,,,,,,,,,,,,,,,,
,,,,,,,,,,,,,,,,,
,,,,,,,,,,,,,,,,,
,,,,,,,,,,,,,,,,,
,,,,,,,,,,,,,,,,,
,,,,,,,,,,,,,,,,,
,,,,,,,,,,,,,,,,,
,,,,,,,,,,,,,,,,,
,,,,,,,,,,,,,,,,,
,,,,,,,,,,,,,,,,,
,,,,,,,,,,,,,,,,,
,,,,,,,,,,,,,,,,,
,,,,,,,,,,,,,,,,,
,,,,,,,,,,,,,,,,,
,,,,,,,,,,,,,,,,,
,,,,,,,,,,,,,,,,,
,,,,,,,,,,,,,,,,,
,,,,,,,,,,,,,,,,,
,,,,,,,,,,,,,,,,,
,,,,,,,,,,,,,,,,,
,,,,,,,,,,,,,,,,,
,,,,,,,,,,,,,,,,,
,,,,,,,,,,,,,,,,,
,,,,,,,,,,,,,,,,,
,,,,,,,,,,,,,,,,,
,,,,,,,,,,,,,,,,,
,,,,,,,,,,,,,,,,,
,,,,,,,,,,,,,,,,,
,,,,,,,,,,,,,,,,,
,,,,,,,,,,,,,,,,,
,,,,,,,,,,,,,,,,,
,,,,,,,,,,,,,,,,,
,,,,,,,,,,,,,,,,,
,,,,,,,,,,,,,,,,,
,,,,,,,,,,,,,,,,,
,,,,,,,,,,,,,,,,,
,,,,,,,,,,,,,,,,,
,,,,,,,,,,,,,,,,,
,,,,,,,,,,,,,,,,,
,,,,,,,,,,,,,,,,,
,,,,,,,,,,,,,,,,,
,,,,,,,,,,,,,,,,,
,,,,,,,,,,,,,,,,,
,,,,,,,,,,,,,,,,,
,,,,,,,,,,,,,,,,,
,,,,,,,,,,,,,,,,,
,,,,,,,,,,,,,,,,,
,,,,,,,,,,,,,,,,,
,,,,,,,,,,,,,,,,,
,,,,,,,,,,,,,,,,,
,,,,,,,,,,,,,,,,,
,,,,,,,,,,,,,,,,,
,,,,,,,,,,,,,,,,,
,,,,,,,,,,,,,,,,,
,,,,,,,,,,,,,,,,,
,,,,,,,,,,,,,,,,,
,,,,,,,,,,,,,,,,,
,,,,,,,,,,,,,,,,,
,,,,,,,,,,,,,,,,,
,,,,,,,,,,,,,,,,,
,,,,,,,,,,,,,,,,,
,,,,,,,,,,,,,,,,,
,,,,,,,,,,,,,,,,,
,,,,,,,,,,,,,,,,,
,,,,,,,,,,,,,,,,,
,,,,,,,,,,,,,,,,,
,,,,,,,,,,,,,,,,,
,,,,,,,,,,,,,,,,,
,,,,,,,,,,,,,,,,,
,,,,,,,,,,,,,,,,,
,,,,,,,,,,,,,,,,,
,,,,,,,,,,,,,,,,,
,,,,,,,,,,,,,,,,,
,,,,,,,,,,,,,,,,,
,,,,,,,,,,,,,,,,,
,,,,,,,,,,,,,,,,,
,,,,,,,,,,,,,,,,,
,,,,,,,,,,,,,,,,,
,,,,,,,,,,,,,,,,,
,,,,,,,,,,,,,,,,,
,,,,,,,,,,,,,,,,,
,,,,,,,,,,,,,,,,,
,,,,,,,,,,,,,,,,,
,,,,,,,,,,,,,,,,,
,,,,,,,,,,,,,,,,,
,,,,,,,,,,,,,,,,,
,,,,,,,,,,,,,,,,,
,,,,,,,,,,,,,,,,,
,,,,,,,,,,,,,,,,,
,,,,,,,,,,,,,,,,,
,,,,,,,,,,,,,,,,,
,,,,,,,,,,,,,,,,,
,,,,,,,,,,,,,,,,,
,,,,,,,,,,,,,,,,,
,,,,,,,,,,,,,,,,,
,,,,,,,,,,,,,,,,,
,,,,,,,,,,,,,,,,,
,,,,,,,,,,,,,,,,,
,,,,,,,,,,,,,,,,,
,,,,,,,,,,,,,,,,,
,,,,,,,,,,,,,,,,,
,,,,,,,,,,,,,,,,,
,,,,,,,,,,,,,,,,,
,,,,,,,,,,,,,,,,,
,,,,,,,,,,,,,,,,,
,,,,,,,,,,,,,,,,,
,,,,,,,,,,,,,,,,,
,,,,,,,,,,,,,,,,,
,,,,,,,,,,,,,,,,,
,,,,,,,,,,,,,,,,,
,,,,,,,,,,,,,,,,,
,,,,,,,,,,,,,,,,,
,,,,,,,,,,,,,,,,,
,,,,,,,,,,,,,,,,,
,,,,,,,,,,,,,,,,,
,,,,,,,,,,,,,,,,,
,,,,,,,,,,,,,,,,,
,,,,,,,,,,,,,,,,,
,,,,,,,,,,,,,,,,,
,,,,,,,,,,,,,,,,,
,,,,,,,,,,,,,,,,,
,,,,,,,,,,,,,,,,,
,,,,,,,,,,,,,,,,,
,,,,,,,,,,,,,,,,,
,,,,,,,,,,,,,,,,,
,,,,,,,,,,,,,,,,,
,,,,,,,,,,,,,,,,,
,,,,,,,,,,,,,,,,,
,,,,,,,,,,,,,,,,,
,,,,,,,,,,,,,,,,,
,,,,,,,,,,,,,,,,,
,,,,,,,,,,,,,,,,,
,,,,,,,,,,,,,,,,,
,,,,,,,,,,,,,,,,,
,,,,,,,,,,,,,,,,,
,,,,,,,,,,,,,,,,,
,,,,,,,,,,,,,,,,,
,,,,,,,,,,,,,,,,,
,,,,,,,,,,,,,,,,,
,,,,,,,,,,,,,,,,,
,,,,,,,,,,,,,,,,,
,,,,,,,,,,,,,,,,,
,,,,,,,,,,,,,,,,,
,,,,,,,,,,,,,,,,,
,,,,,,,,,,,,,,,,,
,,,,,,,,,,,,,,,,,
,,,,,,,,,,,,,,,,,
,,,,,,,,,,,,,,,,,
,,,,,,,,,,,,,,,,,
,,,,,,,,,,,,,,,,,
,,,,,,,,,,,,,,,,,
,,,,,,,,,,,,,,,,,
,,,,,,,,,,,,,,,,,
,,,,,,,,,,,,,,,,,
,,,,,,,,,,,,,,,,,
,,,,,,,,,,,,,,,,,
,,,,,,,,,,,,,,,,,
,,,,,,,,,,,,,,,,,
,,,,,,,,,,,,,,,,,
,,,,,,,,,,,,,,,,,
,,,,,,,,,,,,,,,,,
,,,,,,,,,,,,,,「細胞の観察ができる」のみでもよいか？,細胞の観察法を説明できる。,C-01-01-01-01,
,,,,,,,,,,,,,,,細胞の全体像を図示できる。,C-01-01-01-02,
,,,,,,,,,,,,,,,核とリボソーム、小胞体、ゴルジ体、リソソーム等の細胞内膜系、ミトコンドリア、葉緑体、外細胞骨格の種類とその構造と機能を説明できる。,"C-01-01-01-03,C-01-01-01-04",
,,,,,,,,,,,,,,,,,
,,,,,,,,,,,,,,,ミトコンドリア、葉緑体の構造と機能を説明できる。,C-01-01-01-05,
,,,,,,,,,,,,,,,細胞骨格の種類とその構造と機能を概説できる。,C-01-01-01-06,
,,,,,,,,,,,,,,,細胞膜の構造と機能、細胞同士の接着と結合様式を説明できる。,C-01-01-01-07,
,,,,,,,,,,,,,,,原核細胞と真核細胞の特徴を説明できる。,C-01-01-01-08,
,,,,,,,,,,,,,,,Mendelの法則、ミトコンドリア遺伝、インプリンティング及び多因子遺伝を説明できる。,C-01-01-02-01,
,,,,,,,,,,,,,,,遺伝型と表現型の関係を説明できる。,C-01-01-02-02,
,,,,,,,,,,,,,,,染色体の構造を概説し、ゲノムと染色体及び遺伝子の構造と関係性、体細胞分裂及び減数分裂における染色体の挙動を説明できる。,C-01-01-02-03,
,,,,,,,,,,,,,,,デオキシリボ核酸(deoxyribonucleic acid <DNA>)の複製と修復を概説できる。,C-01-01-02-04,
,,,,,,,,,,,,,,,デオキシリボ核酸<DNA>からリボ核酸(ribonucleic acid <RNA>)への転写、タンパク質合成に至る翻訳を含む遺伝情報の発現及び調節（セントラルドグマ）を説明できる。,C-01-01-02-05,
,,,,,,,,,,,,,,,染色体分析・DNA配列決定を含むゲノム解析技術を概説できる。,C-01-01-02-06,
,,,,,,,,,,,,,,,進化の基本的な考え方を説明できる。,C-01-02-01-01,
,,,,,,,,,,,,,,,生物種とその系統関係を概説できる。,C-01-02-01-02,
,,,,,,,,,,,,,,,アミノ酸配列や塩基配列の比較による分子系統樹を概説できる。,C-01-02-01-03,
,,,,,,,,,,,,,,,細胞内液・外液のイオン組成、浸透圧と静止(膜)電位を説明できる。,C-02-01-01-01,
,,,,,,,,,,,,,,,膜のイオンチャネル、ポンプ、受容体と酵素の機能を概説できる。,C-02-01-01-02,
,,,,,,,,,,,,,,,細胞膜を介する物質の能動・受動輸送過程を説明できる。,C-02-01-01-03,
,,,,,,,,,,,,,,,細胞膜を介する分泌と吸収の過程を説明できる。,C-02-01-01-04,
,,,,,,,,,,,,,,,細胞骨格を構成するタンパク質とその機能を概説できる。,C-02-01-02-01,
,,,,,,,,,,,,,,,アクチンフィラメント系による細胞運動を説明できる。,C-02-01-02-02,
,,,,,,,,,,,,,,,細胞内輸送システムを説明できる。,C-02-01-02-03,
,,,,,,,,,,,,,,,微小管の役割や機能を説明できる。,C-02-01-02-04,
,,,,,,,,,,,,,,,上皮組織と腺の構造と機能を説明できる。,C-02-02-01-01,
,,,,,,,,,,,,,,,支持組織を構成する細胞と細胞間質（線維成分と基質）を説明できる。,C-02-02-01-02,
,,,,,,,,,,,,,,,血管とリンパ管の微細構造と機能を説明できる。,C-02-02-01-03,
,,,,,,,,,,,,,,,神経組織の微細構造を説明できる。,C-02-02-01-04,
,,,,,,,,,,,,,,,筋組織について、骨格筋、心筋、平滑筋の構造と機能を対比して説明できる。,C-02-02-01-05,
,,,,,,,,,,,,,,,組織の再生の機序を説明できる。,C-02-02-01-06,
,,,,,,,,,,,,,,,位置関係を方向用語（上下、前後、内・外側、浅深、頭・尾側、背・腹側）で説明できる。,C-02-02-02-01,
,,,,,,,,,,,,,,,情報伝達の種類と機能を説明できる。,C-02-03-01-01,
,,,,,,,,,,,,,,,受容体による情報伝達の機序を説明できる。,C-02-03-01-02,
,,,,,,,,,,,,,,,細胞内シグナル伝達過程を説明できる。,C-02-03-01-03,
,,,,,,,,,,,,,,,活動電位の発生機構と伝導を説明できる。,C-02-03-02-01,
,,,,,,,,,,,,,,,シナプス（神経筋接合部を含む）の形態とシナプス伝達の機能（興奮性、抑制性）と可塑性を説明できる。,C-02-03-02-02,
,,,,,,,,,,,,,,,軸索輸送、軸索の変性と再生を説明できる。,C-02-03-02-03,
,,,,,,,,,,,,,,,刺激に対する感覚受容の種類と機序を説明できる。,C-02-03-02-04,
,,,,,,,,,,,,,,,反射を説明できる。,C-02-03-02-05,
,,,,,,,,,,,,,,,生体の非特異的防御機構を説明できる。,C-02-03-03-01,
,,,,,,,,,,,,,,,特異的防御機構である免疫系の役割を説明できる。,C-02-03-03-02,
,,,,,,,,,,,,,,,体液性と細胞性免疫応答を説明できる。,C-02-03-03-03,
,,,,,,,,,,,,,,,生体の恒常性維持と適応を説明できる。,C-02-03-04-01,
,,,,,,,,,,,,,,,恒常性維持のための調節機構（ネガティブフィードバック調節）を説明できる。,C-02-03-04-02,
,,,,,,,,,,,,,,,生体機能や体内環境のリズム性変化を説明できる。,C-02-03-04-03,
,,,,,,,,,,,,,,,生体の恒常性維持における常在菌・腸内細菌と宿主との相互作用の重要性を説明できる。,C-02-03-04-04,
,,,,,,,,,,,,,,,運動生理学など、身体活動時の神経・骨格筋、循環器、代謝系の変化を説明できる。,C-02-03-04-05,
,,,,,,,,,,,,,,,配偶子の形成から出生に至る一連の経過と胚形成の全体像を説明できる。,C-02-04-na-01,
,,,,,,,,,,,,,,,体節の形成と分化を説明できる。,C-02-04-na-02,
,,,,,,,,,,,,,,,体幹と四肢の骨格と筋の形成過程を概説できる。,C-02-04-na-03,
,,,,,,,,,,,,,,,消化・呼吸器系各器官の形成過程を概説できる。,C-02-04-na-04,
,,,,,,,,,,,,,,,心血管系の形成過程を説明できる。,C-02-04-na-05,
,,,,,,,,,,,,,,,泌尿生殖器系各器官の形成過程を概説できる。,C-02-04-na-06,
,,,,,,,,,,,,,,,胚内体腔の形成過程を概説できる。,C-02-04-na-07,
,,,,,,,,,,,,,,,鰓弓・鰓嚢の分化と頭・頸部と顔面・口腔の形成過程を概説できる。,C-02-04-na-08,
,,,,,,,,,,,,,,,神経管の分化と脳、脊髄、視覚器、平衡聴覚器と自律神経系の形成過程を概説できる。,C-02-04-na-09,
,,,,,,,,,,,,,,,酵素の機能と調節を説明できる。,C-02-05-na-01,
,,,,,,,,,,,,,,,解糖の経路と調節機構を説明できる。,C-02-05-na-02,
,,,,,,,,,,,,,,,クエン酸回路を説明できる。,C-02-05-na-03,
,,,,,,,,,,,,,,,電子伝達系と酸化的リン酸化を説明できる。,C-02-05-na-04,
,,,,,,,,,,,,,,,糖新生の経路と調節機構を説明できる。,C-02-05-na-05,
,,,,,,,,,,,,,,,グリコーゲンの合成と分解の経路を説明できる。,C-02-05-na-06,
,,,,,,,,,,,,,,,五炭糖リン酸回路の意義を説明できる。,C-02-05-na-07,
,,,,,,,,,,,,,,,脂質の合成と分解を説明できる。,C-02-05-na-08,
,,,,,,,,,,,,,,,リポタンパクの構造と代謝を説明できる。,C-02-05-na-09,
,,,,,,,,,,,,,,,タンパク質の合成と分解を説明できる。,C-02-05-na-10,
,,,,,,,,,,,,,,,アミノ酸の異化と尿素合成の経路を概説できる。,C-02-05-na-11,
,,,,,,,,,,,,,,,ヘム・ポルフィリンの代謝を説明できる。,C-02-05-na-12,
,,,,,,,,,,,,,,,ヌクレオチドの合成・異化・再利用経路を説明できる。,C-02-05-na-13,
,,,,,,,,,,,,,,,酸化ストレス（フリーラジカル、活性酸素）の発生と作用を説明できる。,C-02-05-na-14,
,,,,,,,,,,,,,,,ビタミン、微量元素の種類と作用を説明できる。,C-02-05-na-15,
,,,,,,,,,,,,,,,エネルギー代謝（エネルギーの定義、食品中のエネルギー値、エネルギー消費量、推定エネルギー必要量）を理解し、空腹（飢餓）時、食後（過食時）と運動時における代謝を説明できる。,C-02-05-na-16,
,,,,,,,,,,,,,,,ウイルス粒子の構造を図示し、各部の機能を説明できる。,C-03-01-01-01,
,,,,,,,,,,,,,,,構造と性状によりウイルスを分類できる。,C-03-01-01-02,
,,,,,,,,,,,,,,,デオキシリボ核酸<DNA>ゲノムとリボ核酸<RNA>ゲノムの複製・転写を一般化し、説明できる。,C-03-01-01-03,
,,,,,,,,,,,,,,,ウイルスの吸着、侵入、複製、成熟と放出の各過程を説明できる。,C-03-01-01-04,
,,,,,,,,,,,,,,,ウイルス感染細胞に起こる変化を説明できる。,C-03-01-01-05,
,,,,,,,,,,,,,,,ウイルス感染の種特異性、組織特異性と病原性を説明できる。,C-03-01-01-06,
,,,,,,,,,,,,,,,主な感染様式の具体例を説明できる。,C-03-01-01-07,
,,,,,,,,,,,,,,,ウイルスに対する中和反応と細胞性免疫を説明できる。,C-03-01-02-01,
,,,,,,,,,,,,,,,ワクチンによるウイルス感染症予防の原理を説明できる。,C-03-01-02-02,
,,,,,,,,,,,,,,,ワクチンの種類と問題点を説明できる。,C-03-01-02-03,
,,,,,,,,,,,,,,,主なデオキシリボ核酸<DNA>ウイルス（サイトメガロウイルス(cytomegalovirus <CMV>)、Epstein-Barr <EB>ウイルス、アデノウイルス、パルボウイルスB19、ヒトヘルペスウイルス、B型肝炎ウイルス、ヒトパピローマウイルス）が引き起こす疾患名を列挙できる。,C-03-01-03-01,
,,,,,,,,,,,,,,,主なリボ核酸<RNA>ウイルス（インフルエンザウイルス、麻疹ウイルス、ムンプスウイルス、風疹ウイルス、ポリオウイルス、コクサッキーウイルス、エコー(enteric cytopathic human orphan <ECHO>)ウイルス、ライノウイルス、A型肝炎ウイルス、C型肝炎ウイルス）が引き起こす疾患名を列挙できる。,C-03-01-03-02,
,,,,,,,,,,,,,,,レトロウイルス(ヒト免疫不全ウイルス(human immunodeficiency virus <HIV>)の特性と一般ゲノム構造を説明し、分類できる。,C-03-01-03-03,
,,,,,,,,,,,,,,,細菌の構造を図示し、形態と染色性により分類できる。,C-03-01-04-01,
,,,,,,,,,,,,,,,細菌の感染経路を分類し、説明できる。,C-03-01-04-02,
,,,,,,,,,,,,,,,細菌が疾病を引き起こす機序を説明できる。,C-03-01-04-03,
,,,,,,,,,,,,,,,Gram陽性球菌（ブドウ球菌、連鎖球菌）の細菌学的特徴とそれが引き起こす疾患を列挙できる。,C-03-01-04-04,
,,,,,,,,,,,,,,,Gram陰性球菌（淋菌、髄膜炎菌）の細菌学的特徴とそれが引き起こす疾患を列挙できる。,C-03-01-04-05,
,,,,,,,,,,,,,,,Gram陽性桿菌（破傷風菌、ガス壊疽菌、ボツリヌス菌、ジフテリア菌）の細菌学的特徴とそれが引き起こす疾患を列挙できる。,C-03-01-04-06,
,,,,,,,,,,,,,,,Gram陰性桿菌（大腸菌、赤痢菌、サルモネラ菌、チフス菌、ペスト菌、コレラ菌、百日咳菌、腸炎ビブリオ菌、緑膿菌、ブルセラ菌、レジオネラ菌、インフルエンザ(桿)菌）の細菌学的特徴とそれが引き起こす疾患を列挙できる。,C-03-01-04-07,
,,,,,,,,,,,,,,,Gram陰性スピリルム属病原菌 (Helicobacter pylori)の細菌学的特徴とそれが引き起こす疾患を列挙できる。,C-03-01-04-08,
,,,,,,,,,,,,,,,抗酸菌（結核菌、非結核性（非定型）抗酸菌）の細菌学的特徴とそれが引き起こす疾患を列挙できる。,C-03-01-04-09,
,,,,,,,,,,,,,,,真菌（アスペルギルス、クリプトコックス、カンジダ、ムーコル（ムコール））の微生物学的特徴とそれが引き起こす疾患を列挙できる。,C-03-01-04-10,
,,,,,,,,,,,,,,,スピロヘータ、マイコプラズマ、リケッチア、クラミジアの微生物学的特徴とそれが引き起こす疾患を列挙できる。,C-03-01-04-11,
,,,,,,,,,,,,,,,原虫類・蠕虫類の分類及び形態学的特徴を説明できる。,C-03-01-05-01,
,,,,,,,,,,,,,,,寄生虫の生活史、感染経路と感染疫学的意義を説明できる。,C-03-01-05-02,
,,,,,,,,,,,,,,,寄生虫感染宿主の生体防御の特徴を説明できる。,C-03-01-05-03,
,,,,,,,,,,,,,,,各臓器・器官の主な寄生虫症を説明できる。,C-03-01-05-04,
,,,,,,,,,,,,,,,寄生虫症の診断、治療と予防の概要を説明できる。,C-03-01-05-05,
,,,,,,,,,,,,,,,生体防御機構における免疫系の特徴（特異性、多様性、寛容、記憶）を説明できる。,C-03-02-01-01,
,,,,,,,,,,,,,,,免疫反応に関わる組織と細胞を説明できる。,C-03-02-01-02,
,,,,,,,,,,,,,,,免疫学的自己の確立と破綻を説明できる。,C-03-02-01-03,
,,,,,,,,,,,,,,,自然免疫と獲得免疫の違いを説明できる。,C-03-02-01-04,
,,,,,,,,,,,,,,,主要組織適合遺伝子複合体(major histocompatibility complex <MHC>)クラスIとクラスIIの基本構造、抗原提示経路の違いを説明できる。,C-03-02-02-01,
,,,,,,,,,,,,,,,免疫グロブリンとT細胞抗原レセプターの構造と反応様式を説明できる。,C-03-02-02-02,
,,,,,,,,,,,,,,,免疫グロブリンとT細胞抗原レセプター遺伝子の構造と遺伝子再構成に基づき、多様性獲得の機構を説明できる。,C-03-02-02-03,
,,,,,,,,,,,,,,,自己と非自己の識別機構の確立と免疫学的寛容を概説できる。,C-03-02-02-04,
,,,,,,,,,,,,,,,抗原レセプターからのシグナルを増強あるいは減弱する調節機構を概説できる。,C-03-02-03-01,
,,,,,,,,,,,,,,,代表的なサイトカイン・ケモカインの特徴を説明できる。,C-03-02-03-02,
,,,,,,,,,,,,,,,ヘルパーT細胞(Th1 cell、Th2 cell、Th17 cell)、細胞傷害性T細胞(cytotoxic T lymphocyte <CTL>)、制御性T細胞(regulatory T cell <Treg>)それぞれが担当する生体防御反応を説明できる。,C-03-02-03-03,
,,,,,,,,,,,,,,,ウイルス、細菌、真菌と寄生虫に対する免疫応答の特徴を説明できる。,C-03-02-04-01,
,,,,,,,,,,,,,,,原発性免疫不全症と後天性免疫不全症候群<AIDS>を概説できる。,C-03-02-04-02,
,,,,,,,,,,,,,,,免疫寛容の維持機構とその破綻による自己免疫疾患の発症を概説できる。,C-03-02-04-03,
,,,,,,,,,,,,,,,アレルギー発症の機序（Coombs分類）を概説できる。,C-03-02-04-04,
,,,,,,,,,,,,,,,癌免疫に関わる細胞性機序を概説できる。,C-03-02-04-05,
,,,,,,,,,,,,,,,薬物・毒物の濃度反応曲線を描き、その決定因子を説明できる。,C-03-03-01-01,
,,,,,,,,,,,,,,,薬物の受容体結合と薬理作用との定量的関連性及び活性薬・拮抗薬と分子標的薬を説明できる。,C-03-03-01-02,
,,,,,,,,,,,,,,,薬物・毒物の用量反応曲線を描き、有効量・中毒量・致死量の関係を説明できる。,C-03-03-01-03,
,,,,,,,,,,,,,,,薬物・毒物の吸収、分布、代謝と排泄を説明できる。,C-03-03-02-01,
,,,,,,,,,,,,,,,薬物の生体膜通過に影響する因子を説明できる。,C-03-03-02-02,
,,,,,,,,,,,,,,,薬物投与方法（経口、舌下、皮膚、粘膜、直腸、注射、吸入、点眼、点鼻等）を列挙し、それぞれの薬物動態を説明できる。,C-03-03-02-03,
,,,,,,,,,,,,,,,薬物の評価におけるプラセボ効果の意義を説明できる。,C-03-03-03-01,
,,,,,,,,,,,,,,,ゲノムの多様性に基づく個体の多様性を説明できる。,C-04-01-na-01,
,,,,,,,,,,,,,,,単一遺伝子疾患の遺伝様式を説明し、代表的な疾患を列挙できる。,C-04-01-na-02,
,,,,,,,,,,,,,,,染色体異常による疾患の中で主なものを挙げ、概説できる。,C-04-01-na-03,
,,,,,,,,,,,,,,,ミトコンドリア遺伝子の変異による疾患を挙げ、概説できる。,C-04-01-na-04,
,,,,,,,,,,,,,,,エピゲノムの機序及び関連する疾患を概説できる。,C-04-01-na-05,
,,,,,,,,,,,,,,,多因子疾患における遺伝要因と環境要因の関係を概説できる。,C-04-01-na-06,
,,,,,,,,,,,,,,,薬剤の有効性や安全性とゲノムの多様性との関係を概説できる。,C-04-01-na-07,
,,,,,,,,,,,,,,,細胞傷害・変性と細胞死の多様性、病因と意義を説明できる。,C-04-02-na-01,
,,,,,,,,,,,,,,,細胞傷害・変性と細胞死の細胞と組織の形態的変化の特徴を説明できる。,C-04-02-na-02,
,,,,,,,,,,,,,,,ネクローシスとアポトーシスの違いを説明できる。,C-04-02-na-03,
,,,,,,,,,,,,,,,糖代謝異常の病態を説明できる。,C-04-03-na-01,
,,,,,,,,,,,,,,,タンパク質・アミノ酸代謝異常の病態を説明できる。,C-04-03-na-02,
,,,,,,,,,,,,,,,脂質代謝異常の病態を説明できる。,C-04-03-na-03,
,,,,,,,,,,,,,,,核酸・ヌクレオチド代謝異常の病態を説明できる。,C-04-03-na-04,
,,,,,,,,,,,,,,,ビタミン、微量元素の代謝異常の病態を説明できる。,C-04-03-na-05,
,,,,,,,,,,,,,,,肥満に起因する代謝障害の病態を説明できる。,C-04-03-na-06,
,,,,,,,,,,,,,,,血行障害（阻血、虚血、充血、うっ血、出血）の違いとそれぞれの病因と病態を説明できる。,C-04-04-na-01,
,,,,,,,,,,,,,,,梗塞（血栓、塞栓）の種類と病態を説明できる。,C-04-04-na-02,
,,,,,,,,,,,,,,,ショック（血流分布異常性ショック（アナフィラキシー、感染性（敗血症性）、神経原性）、循環血液量減少性ショック（出血性、体液喪失）、心原性ショック（心筋性、機械性、不整脈）、閉塞性ショック（心タンポナーデ、肺塞栓症、緊張性気胸））を説明できる。,C-04-04-na-03,
,,,,,,,,,,,,,,,血圧異常（高血圧、低血圧）を説明できる。,C-04-04-na-04,
,,,,,,,,,,,,,,,臓器不全（多臓器不全、多臓器障害(multiple organ dysfunction syndrome <MODS>)）を説明できる。,C-04-04-na-05,
,,,,,,,,,,,,,,,炎症の定義を説明できる。,C-04-05-na-01,
,,,,,,,,,,,,,,,炎症の分類、組織形態学的変化と経時的変化（局所的変化と全身的変化）を説明できる。,C-04-05-na-02,
,,,,,,,,,,,,,,,感染症による炎症性変化を説明できる。,C-04-05-na-03,
,,,,,,,,,,,,,,,創傷の治癒過程を概説できる。,C-04-05-na-04,
,,,,,,,,,,,,,,,自律性の増殖と、良性腫瘍と悪性腫瘍の違いを説明できる。,C-04-06-na-01,
,,,,,,,,,,,,,,,癌の原因や遺伝子変化を説明できる。,C-04-06-na-02,
,,,,,,,,,,,,,,,腫瘍の分類、分化度、グレード、ステージを概説できる。,C-04-06-na-03,
,,,,,,,,,,,,,,,用語（異形成、上皮内癌、進行癌、早期癌、異型性、多形性等）を説明できる。,C-04-06-na-04,
,,,,,,,,,,,,,,,癌の診断と治療を概説できる。,C-04-06-na-05,
,,,,,,,,,,,,,,,癌の転移を説明できる。,C-04-06-na-06,
,,,,,,,,,,,,,,,行動と知覚、学習、記憶、認知、言語、思考、性格との関係を概説できる。,C-05-01-na-01,
,,,,,,,,,,,,,,,行動の脳内基礎過程を説明できる。,C-05-01-na-02,
,,,,,,,,,,,,,,,行動と人の内的要因、社会・文化的環境との関係を概説できる。,C-05-01-na-03,
,,,,,,,,,,,,,,,本能行動と学習行動（適応的な学習、適応的でない学習）を説明できる。,C-05-02-na-01,
,,,,,,,,,,,,,,,レスポンデント条件付け（事象と事象との関係の学習）とオペラント条件付け（反応と結果との関係の学習）を説明できる。,C-05-02-na-02,
,,,,,,,,,,,,,,,社会的学習（モデリング、観察学習、模倣学習）を概説できる。,C-05-02-na-03,
,,,,,,,,,,,,,,,生理的動機（個体保存、種族保存）、内発的動機（活動、感性、好奇、操作等）及び社会的動機（達成、親和、愛着、支配等）を概説できる。,C-05-03-na-01,
,,,,,,,,,,,,,,,動機付けを例示できる。,C-05-03-na-02,
,,,,,,,,,,,,,,,欲求とフラストレーション・葛藤との関連を概説できる。,C-05-03-na-03,
,,,,,,,,,,,,,,,適応（防衛）機制を概説できる。,C-05-03-na-04,
,,,,,,,,,,,,,,,主なストレス学説を概説できる。,C-05-04-na-01,
,,,,,,,,,,,,,,,人生、日常生活や仕事におけるストレッサーとその健康への影響を例示できる。,C-05-04-na-02,
,,,,,,,,,,,,,,,ストレス－コーピング過程に関連する心理社会的要因を説明できる。,C-05-04-na-03,
,,,,,,,,,,,,,,,ストレス対処法を概説できる。,C-05-04-na-04,
,,,,,,,,,,,,,,,こころの発達の原理を概説できる。,C-05-05-na-01,
,,,,,,,,,,,,,,,ライフサイクルの各段階におけるこころの発達と発達課題をを概説できる。,C-05-05-na-02,
,,,,,,,,,,,,,,,こころの発達にかかわる遺伝的要因と環境的要因を概説できる。,C-05-05-na-03,
,,,,,,,,,,,,,,,パーソナリティの類型と特性を概説できる。,C-05-06-na-01,
,,,,,,,,,,,,,,,パーソナリティの形成を概説できる。,C-05-06-na-02,
,,,,,,,,,,,,,,,知能の発達と経年変化を概説できる。,C-05-06-na-03,
,,,,,,,,,,,,,,,役割理論を概説できる。,C-05-06-na-04,
,,,,,,,,,,,,,,,ジェンダーの形成並びに性的指向及び性自認への配慮方法を説明できる。,C-05-06-na-05,
,,,,,,,,,,,,,,,対人関係にかかわる心理的要因を概説できる。,C-05-07-na-01,
,,,,,,,,,,,,,,,人間関係における欲求と行動の関係を概説できる。,C-05-07-na-02,
,,,,,,,,,,,,,,,主な対人行動（援助、攻撃等）を概説できる。,C-05-07-na-03,
,,,,,,,,,,,,,,,集団の中の人間関係（競争と協同、同調、服従と抵抗、リーダーシップ）を概説できる。,C-05-07-na-04,
,,,,,,,,,,,,,,,効果的な対人コミュニケーションを説明できる。,C-05-07-na-05,
,,,,,,,,,,,,,,,話し手と聞き手の役割を説明でき、適切なコミュニケーションスキルが使える。,C-05-07-na-06,
,,,,,,,,,,,,,,,個と集団に及ぼす文化的影響を例示できる。,C-05-07-na-07,
,,,,,,,,,,,,,,,文化・慣習によってコミュニケーションのあり方が異なることを例示できる。,C-05-07-na-08,
,,,,,,,,,,,,,,,健康行動や行動変容を行う動機付けを概説できる。,C-05-08-na-01,
,,,,,,,,,,,,,,,行動療法を説明できる。,C-05-08-na-02,
,,,,,,,,,,,,,,,認知行動療法を説明できる。,C-05-08-na-03,
,,,,,,,,,,,,,,,心理教育を説明できる。,C-05-08-na-04,
,,,,,,,,,,,,,,,生活習慣病における患者支援（自律性支援）や保健指導を概説できる。,C-05-08-na-05,
,,,,,,,,,,,,,,,骨髄の構造を説明できる。,D-01-01-na-01,
,,,,,,,,,,,,,,,造血幹細胞から各血球への分化と成熟の過程を説明できる。,D-01-01-na-02,
,,,,,,,,,,,,,,,主な造血因子（エリスロポエチン、顆粒球コロニー刺激因子(granulocyte-colony stimulating factor <G-CSF>)、トロンボポエチン）を説明できる。,D-01-01-na-03,
,,,,,,,,,,,,,,,脾臓、胸腺、リンパ節、扁桃とPeyer板の構造と機能を説明できる。,D-01-01-na-04,
,,,,,,,,,,,,,,,血漿タンパク質の種類と機能を説明できる。,D-01-01-na-05,
,,,,,,,,,,,,,,,赤血球とヘモグロビンの構造と機能を説明できる。,D-01-01-na-06,
,,,,,,,,,,,,,,,白血球の種類と機能を説明できる。,D-01-01-na-07,
,,,,,,,,,,,,,,,血小板の機能と止血や凝固・線溶の機序を説明できる。,D-01-01-na-08,
,,,,,,,,,,,,,,,末梢血の血球数の基準値とその変化の意義を説明できる。,D-01-02-na-01,
,,,,,,,,,,,,,,,骨髄検査（骨髄穿刺、骨髄生検）を説明できる。,D-01-02-na-02,
,,,,,,,,,,,,,,,血漿タンパク質の基準値とその変化の意義を説明できる。,D-01-02-na-03,
,,,,,,,,,,,,,,,発熱,D-01-03-na-01,
,,,,,,,,,,,,,,,全身倦怠感,D-01-03-na-02,
,,,,,,,,,,,,,,,黄疸,D-01-03-na-03,
,,,,,,,,,,,,,,,貧血,D-01-03-na-04,
,,,,,,,,,,,,,,,出血傾向,D-01-03-na-05,
,,,,,,,,,,,,,,,リンパ節腫脹,D-01-03-na-06,
,,,,,,,,,,,,,,,腹部膨隆（腹水を含む）・腫瘤,D-01-03-na-07,
,,,,,,,,,,,,,,,貧血を分類し、鑑別に有用な検査を列挙できる。,D-01-04-01-01,
,,,,,,,,,,,,,,,鉄欠乏性貧血、二次性貧血の病因、病態、診断と治療を説明できる。,D-01-04-01-02,
,,,,,,,,,,,,,,,再生不良性貧血・夜間発作性血色素尿症(paroxysmal nocturnal hemoglobinuria <PNH>)の病因、病態、診断、治療と予後を説明できる。,D-01-04-01-03,
,,,,,,,,,,,,,,,溶血性貧血の病因、病態、診断と治療を説明できる。,D-01-04-01-04,
,,,,,,,,,,,,,,,巨赤芽球性貧血の病因、病態、診断と治療を説明できる。,D-01-04-01-05,
,,,,,,,,,,,,,,,出血傾向の病因、病態、症候と診断を説明できる。,D-01-04-02-01,
,,,,,,,,,,,,,,,免疫性血小板減少性紫斑病(immune thrombocytopenic purpura <ITP>)の病態、症候、診断と治療を説明できる。,D-01-04-02-02,
,,,,,,,,,,,,,,,血友病の病態、症候、診断、治療と遺伝形式を説明できる。,D-01-04-02-03,
,,,,,,,,,,,,,,,播種性血管内凝固(disseminated intravascular coagulation <DIC>)の基礎疾患、病態、診断と治療を説明できる。,D-01-04-02-04,
,,,,,,,,,,,,,,,溶血性尿毒症症候群(hemolytic-uremic syndrome <HUS>)の基礎疾患、病態、診断と治療を説明できる。,D-01-04-02-05,
,,,,,,,,,,,,,,,IgA血管炎(Schönlein-Henoch紫斑病)を概説できる。,D-01-04-02-06,
,,,,,,,,,,,,,,,血栓性血小板減少性紫斑病(thrombotic thrombocytopenic purpura <TTP>)を概説できる。,D-01-04-02-07,
,,,,,,,,,,,,,,,脾腫をきたす疾患を列挙し、鑑別の要点を説明できる。,D-01-04-03-01,
,,,,,,,,,,,,,,,急性白血病の病態、症候、病理所見、治療と予後を説明できる。,D-01-04-04-01,
,,,,,,,,,,,,,,,急性白血病のFrench-American-British <FAB>分類、WHO分類を概説できる。,D-01-04-04-02,
,,,,,,,,,,,,,,,慢性骨髄性白血病の病態、症候、病理所見、治療と予後を説明できる。,D-01-04-04-03,
,,,,,,,,,,,,,,,骨髄異形成症候群(myelodysplastic syndromes <MDS>)の臨床像と病理所見を説明できる。,D-01-04-04-04,
,,,,,,,,,,,,,,,成人T細胞白血病の病因、疫学、臨床所見、病理所見を説明できる。,D-01-04-04-05,
,,,,,,,,,,,,,,,小児白血病と成人白血病の違いを説明できる。,D-01-04-04-06,
,,,,,,,,,,,,,,,真性赤血球増加症・本態性血小板血症、骨髄線維症の病因、病態、診断と治療を説明できる。,D-01-04-04-07,
,,,,,,,,,,,,,,,悪性リンパ腫の分類を概説し、病態、症候、病理所見、治療と予後を説明できる。,D-01-04-04-08,
,,,,,,,,,,,,,,,多発性骨髄腫の病態、症候、診断、治療と予後を説明できる。,D-01-04-04-09,
,,,,,,,,,,,,,,,中枢神経系と末梢神経系の構成を概説できる。,D-02-01-01-01,
,,,,,,,,,,,,,,,脳の血管支配と血液脳関門を説明できる。,D-02-01-01-02,
,,,,,,,,,,,,,,,脳のエネルギー代謝の特徴を説明できる。,D-02-01-01-03,
,,,,,,,,,,,,,,,主な脳内神経伝達物質（アセチルコリン、ドパミン、ノルアドレナリン）とその作用を説明できる。,D-02-01-01-04,
,,,,,,,,,,,,,,,髄膜・脳室系の構造と脳脊髄液の産生と循環を説明できる。,D-02-01-01-05,
,,,,,,,,,,,,,,,脊髄の構造、機能局在と伝導路を説明できる。,D-02-01-02-01,
,,,,,,,,,,,,,,,脊髄反射（伸張反射、屈筋反射）と筋の相反神経支配を説明できる。,D-02-01-02-02,
,,,,,,,,,,,,,,,脊髄神経と神経叢（頸神経叢、腕神経叢、腰神経叢、仙骨神経叢）の構成及び主な骨格筋支配と皮膚分布（デルマトーム）を概説できる。,D-02-01-02-03,
,,,,,,,,,,,,,,,脳幹の構造と伝導路を説明できる。,D-02-01-03-01,
,,,,,,,,,,,,,,,脳神経の名称、核の局在、走行・分布と機能を概説できる。,D-02-01-03-02,
,,,,,,,,,,,,,,,脳幹の機能を概説できる。,D-02-01-03-03,
,,,,,,,,,,,,,,,大脳の構造を説明できる。,D-02-01-04-01,
,,,,,,,,,,,,,,,大脳皮質の機能局在（運動野・感覚野・言語野）を説明できる。,D-02-01-04-02,
,,,,,,,,,,,,,,,記憶、学習の機序を辺縁系の構成と関連させて概説できる。,D-02-01-04-03,
,,,,,,,,,,,,,,,随意運動の発現機構を錐体路を中心として概説できる。,D-02-01-05-01,
,,,,,,,,,,,,,,,小脳の構造と機能を概説できる。,D-02-01-05-02,
,,,,,,,,,,,,,,,大脳基底核（線条体、淡蒼球、黒質）の線維結合と機能を概説できる。,D-02-01-05-03,
,,,,,,,,,,,,,,,痛覚、温度覚、触覚と深部感覚の受容機序と伝導路を説明できる。,D-02-01-06-01,
,,,,,,,,,,,,,,,視覚、聴覚・平衡覚、嗅覚、味覚の受容機序と伝導路を概説できる。,D-02-01-06-02,
,,,,,,,,,,,,,,,交感神経系と副交感神経系の中枢内局在、末梢分布、機能と伝達物質を概説できる。,D-02-01-07-01,
,,,,,,,,,,,,,,,視床下部の構造と機能を内分泌及び自律機能と関連付けて概説できる。,D-02-01-07-02,
,,,,,,,,,,,,,,,ストレス反応と本能・情動行動の発現機序を概説できる。,D-02-01-07-03,
,,,,,,,,,,,,,,,脳・脊髄のコンピュータ断層撮影(computed tomography <CT>)・磁気共鳴画像法(magnetic resonance imaging <MRI>)検査の適応と異常所見を説明し、結果を解釈できる。,D-02-02-na-01,
,,,,,,,,,,,,,,,神経系の電気生理学的検査（脳波検査、筋電図、末梢神経伝導検査）で得られる情報を説明できる。,D-02-02-na-02,
,,,,,,,,,,,,,,,けいれん,D-02-03-na-01,
,,,,,,,,,,,,,,,意識障害・失神,D-02-03-na-02,
,,,,,,,,,,,,,,,めまい,D-02-03-na-03,
,,,,,,,,,,,,,,,頭痛,D-02-03-na-04,
,,,,,,,,,,,,,,,運動麻痺・筋力低下,D-02-03-na-05,
,,,,,,,,,,,,,,,小脳性・前庭性・感覚性運動失調障害を区別して説明できる。,D-02-03-02-01,
,,,,,,,,,,,,,,,振戦を概説できる。,D-02-03-02-02,
,,,,,,,,,,,,,,,その他の不随意運動（ミオクローヌス、舞踏運動、ジストニア、固定姿勢保持困難(asterixis)、アテトーシス、チック）を概説できる。,D-02-03-02-03,
,,,,,,,,,,,,,,,歩行障害を病態に基づいて分類できる。,D-02-03-03-01,
,,,,,,,,,,,,,,,失語症と構音障害の違いを説明できる。,D-02-03-04-01,
,,,,,,,,,,,,,,,脳浮腫の病態を説明できる。,D-02-03-05-01,
,,,,,,,,,,,,,,,急性・慢性頭蓋内圧亢進の症候を説明できる。,D-02-03-05-02,
,,,,,,,,,,,,,,,脳ヘルニアの種類と症候を説明できる。,D-02-03-05-03,
,,,,,,,,,,,,,,,脳血管障害（脳出血、くも膜下出血、頭蓋内血腫、脳梗塞、一過性脳虚血発作）の病態、症候と診断を説明できる。,D-02-04-01-01,
,,,,,,,,,,,,,,,脳血管障害の治療と急性期・回復期・維持期（生活期）のリハビリテーション医療を概説できる。,D-02-04-01-02,
,,,,,,,,,,,,,,,認知症の病因を列挙できる。,D-02-04-02-01,
,,,,,,,,,,,,,,,認知症をきたす主な病態（Alzheimer型認知症、Lewy小体型認知症、血管性認知症）の症候と診断を説明できる。,D-02-04-02-02,
,,,,,,,,,,,,,,,Parkinson病の病態、症候と診断を説明できる。,D-02-04-02-03,
,,,,,,,,,,,,,,,筋萎縮性側索硬化症を概説できる。,D-02-04-02-04,
,,,,,,,,,,,,,,,多系統萎縮症を概説できる。,D-02-04-02-05,
,,,,,,,,,,,,,,,脳炎・髄膜炎、脳症の病因、症候と診断を説明できる。,D-02-04-03-01,
,,,,,,,,,,,,,,,多発性硬化症の病態、症候と診断を説明できる。,D-02-04-03-02,
,,,,,,,,,,,,,,,頭部外傷の分類を説明できる。,D-02-04-04-01,
,,,,,,,,,,,,,,,急性硬膜外・硬膜下血腫及び慢性硬膜下血腫の症候と診断を説明できる。,D-02-04-04-02,
,,,,,,,,,,,,,,,頭部外傷後の高次脳機能障害を説明できる。,D-02-04-04-03,
,,,,,,,,,,,,,,,ニューロパチーの病因（栄養障害、中毒、遺伝性）と病態を分類できる。,D-02-04-05-01,
,,,,,,,,,,,,,,,Guillain-Barré症候群の症候、診断を説明できる。,D-02-04-05-02,
,,,,,,,,,,,,,,,Bell麻痺の症候、診断を説明できる。,D-02-04-05-03,
,,,,,,,,,,,,,,,主な神経障害性疼痛（三叉・坐骨神経痛）を概説できる。,D-02-04-05-04,
,,,,,,,,,,,,,,,重症筋無力症の病態、症候と診断を説明できる。,D-02-04-06-01,
,,,,,,,,,,,,,,,進行性筋ジストロフィーの病因、分類、症候と診断を説明できる。,D-02-04-06-02,
,,,,,,,,,,,,,,,周期性四肢麻痺を概説できる。,D-02-04-06-03,
,,,,,,,,,,,,,,,てんかんの分類、診断と治療を説明できる。,D-02-04-07-01,
,,,,,,,,,,,,,,,頭痛（偏頭痛、緊張型頭痛等）の分類、診断と治療を説明できる。,D-02-04-08-01,
,,,,,,,,,,,,,,,脳性麻痺の病因、病型、症候とリハビリテーションを説明できる。,D-02-04-09-01,
,,,,,,,,,,,,,,,水頭症の症候と治療を説明できる。,D-02-04-09-02,
,,,,,,,,,,,,,,,主な脳・脊髄腫瘍の分類と好発部位を説明し、病態を概説できる。,D-02-04-10-01,
,,,,,,,,,,,,,,,皮膚の組織構造を図示して説明できる。,D-03-01-na-01,
,,,,,,,,,,,,,,,皮膚の細胞動態と角化の機構を説明できる。,D-03-01-na-02,
,,,,,,,,,,,,,,,皮膚の免疫防御能を説明できる。,D-03-01-na-03,
,,,,,,,,,,,,,,,皮膚検査法（硝子圧法、皮膚描記法（Darier徴候）、Nikolsky現象、Tzanck試験、光線テスト）を概説できる。,D-03-02-na-01,
,,,,,,,,,,,,,,,皮膚アレルギー検査法（プリックテスト、皮内テスト、パッチテスト）を説明できる。,D-03-02-na-02,
,,,,,,,,,,,,,,,微生物検査法（検体採取法、苛性カリ<KOH>直接検鏡法）を概説できる。,D-03-02-na-03,
,,,,,,,,,,,,,,,発疹,D-03-03-na-01,
,,,,,,,,,,,,,,,湿疹反応を説明できる。,D-03-04-01-01,
,,,,,,,,,,,,,,,湿疹・皮膚炎の疾患（接触皮膚炎、アトピー性皮膚炎、脂漏性皮膚炎、貨幣状湿疹、皮脂欠乏性湿疹、自家感作性皮膚炎）を列挙し、概説できる。,D-03-04-01-02,
,,,,,,,,,,,,,,,蕁麻疹の病態、診断と治療を説明できる。,D-03-04-02-01,
,,,,,,,,,,,,,,,多形滲出性紅斑、環状紅斑と紅皮症の病因と病態を説明できる。,D-03-04-02-02,
,,,,,,,,,,,,,,,皮膚そう痒症の病因と病態を説明できる。,D-03-04-02-03,
,,,,,,,,,,,,,,,皮膚血流障害と血管炎の病因、症候と病態を説明できる。,D-03-04-03-01,
,,,,,,,,,,,,,,,薬疹や薬物障害の発生機序、症候と治療を説明できる。,D-03-04-04-01,
,,,,,,,,,,,,,,,薬疹を起こしやすい主な薬物を列挙できる。,D-03-04-04-02,
,,,,,,,,,,,,,,,自己免疫性水疱症の病因、病態と分類を説明できる。,D-03-04-05-01,
,,,,,,,,,,,,,,,膿疱症の種類と病態を説明できる。,D-03-04-05-02,
,,,,,,,,,,,,,,,水疱症鑑別のための検査法を説明できる。,D-03-04-05-03,
,,,,,,,,,,,,,,,尋常性乾癬、扁平苔癬とGibert薔薇色粃糠疹の病態、症候と治療を説明できる。,D-03-04-06-01,
,,,,,,,,,,,,,,,魚鱗癬の病態、症候と治療を説明できる。,D-03-04-06-02,
,,,,,,,,,,,,,,,皮膚細菌感染症（伝染性膿痂疹、せつ、癰、毛嚢炎、丹毒、ブドウ球菌性熱傷様皮膚症候群）を列挙し、概説できる。,D-03-04-07-01,
,,,,,,,,,,,,,,,皮膚真菌症（表在性、深在性）の症候と病型を説明できる。,D-03-04-07-02,
,,,,,,,,,,,,,,,皮膚結核病の症候、病型と病因菌を説明できる。,D-03-04-07-03,
,,,,,,,,,,,,,,,梅毒の症候、病期と合併症を説明できる。,D-03-04-07-04,
,,,,,,,,,,,,,,,皮膚ウイルス感染症（単純ヘルペス、帯状疱疹、伝染性軟属腫、麻疹、風疹、水痘）を列挙し、概説できる。,D-03-04-07-05,
,,,,,,,,,,,,,,,後天性免疫不全症候群<AIDS>に伴う皮膚症状（梅毒、難治性ヘルペス、伝染性軟属腫、カポジ肉腫等）を列挙し、概説できる。,D-03-04-07-06,
,,,,,,,,,,,,,,,母斑・母斑症の種類を列挙できる。,D-03-04-08-01,
,,,,,,,,,,,,,,,皮膚良性腫瘍、前癌状態と悪性腫瘍の種類と見分け方を説明できる。,D-03-04-08-02,
,,,,,,,,,,,,,,,皮膚悪性リンパ腫、血管肉腫を説明できる。,D-03-04-08-03,
,,,,,,,,,,,,,,,基底細胞上皮腫(癌)の定義と病態、症候、皮疹とダーモスコピー像の所見、病理所見や診断、治療法を説明できる。,D-03-04-08-04,
,,,,,,,,,,,,,,,有棘細胞癌の定義と病態、症候、皮疹とダーモスコピー像の所見、病理所見や診断、治療法を説明できる。,D-03-04-08-05,
,,,,,,,,,,,,,,,悪性黒色腫の定義と病態、症候、皮疹とダーモスコピー像の所見、病理所見や診断、治療法を説明できる。,D-03-04-08-06,
,,,,,,,,,,,,,,,毛の疾患の病態、症状と治療を説明できる。,D-03-04-09-01,
,,,,,,,,,,,,,,,爪の疾患の病態、症状と治療を説明できる。,D-03-04-09-02,
,,,,,,,,,,,,,,,骨・軟骨・関節・靱帯の構成と機能を説明できる。,D-04-01-na-01,
,,,,,,,,,,,,,,,頭頸部の構成を説明できる。,D-04-01-na-02,
,,,,,,,,,,,,,,,脊柱の構成と機能を説明できる。,D-04-01-na-03,
,,,,,,,,,,,,,,,四肢の骨格、主要筋群の運動と神経支配を説明できる。,D-04-01-na-04,
,,,,,,,,,,,,,,,骨盤の構成と性差を説明できる。,D-04-01-na-05,
,,,,,,,,,,,,,,,骨の成長と骨形成・吸収の機序を説明できる。,D-04-01-na-06,
,,,,,,,,,,,,,,,姿勢と体幹の運動にかかわる筋群を概説できる。,D-04-01-na-07,
,,,,,,,,,,,,,,,抗重力筋を説明できる。,D-04-01-na-08,
,,,,,,,,,,,,,,,筋骨格系の病態に即した徒手検査（四肢・脊柱の可動域検査、神経学的検査等）を説明できる。,D-04-02-na-01,
,,,,,,,,,,,,,,,筋骨格系画像診断（エックス線撮影、コンピュータ断層撮影<CT>、磁気共鳴画像法<MRI>、超音波検査、骨塩定量）の適応を概説できる。,D-04-02-na-02,
,,,,,,,,,,,,,,,運動麻痺・筋力低下,D-04-03-na-01,
,,,,,,,,,,,,,,,関節痛・関節腫脹,D-04-03-na-02,
,,,,,,,,,,,,,,,腰背部痛,D-04-03-na-03,
,,,,,,,,,,,,,,,四肢・脊椎外傷の診断と初期治療を説明できる。,D-04-04-01-01,
,,,,,,,,,,,,,,,関節の脱臼、靱帯損傷の定義、重症度分類、診断と治療を説明できる。,D-04-04-01-02,
,,,,,,,,,,,,,,,骨折の分類、症候、診断、治療と合併症を説明できる。,D-04-04-01-03,
,,,,,,,,,,,,,,,コンパートメント症候群の病態、症候、診断と治療を説明できる。,D-04-04-01-04,
,,,,,,,,,,,,,,,骨粗鬆症の病因と病態を説明し、骨折の好発部位を列挙できる。,D-04-04-01-05,
,,,,,,,,,,,,,,,関節炎、腱鞘炎の病態、診断と治療を説明できる。,D-04-04-01-06,
,,,,,,,,,,,,,,,変形性関節症の症候、診断と治療を説明できる。,D-04-04-01-07,
,,,,,,,,,,,,,,,絞扼性末梢神経障害（手根管症候群、肘部管症候群等）を列挙し、その症候を説明できる。,D-04-04-01-08,
,,,,,,,,,,,,,,,頸椎症性脊髄症（脊柱靭帯骨化症を含む）・頸椎症性神経根症の神経症候を説明できる。,D-04-04-01-09,
,,,,,,,,,,,,,,,脊髄損傷の診断、治療を説明できる。,D-04-04-01-10,
,,,,,,,,,,,,,,,腰椎椎間板ヘルニアの症候、診断と治療を説明できる。,D-04-04-01-11,
,,,,,,,,,,,,,,,腰部脊柱管狭窄症の病態、症候、診断と治療を説明できる。,D-04-04-01-12,
,,,,,,,,,,,,,,,腰椎分離・すべり症の症候、診断と治療を説明できる。,D-04-04-01-13,
,,,,,,,,,,,,,,,運動器慢性疼痛（腰背部痛、頸部痛、肩こり）の病態、診断と治療を説明できる。,D-04-04-01-14,
,,,,,,,,,,,,,,,運動器疾患のリハビリテーションを概説できる。,D-04-04-01-15,
,,,,,,,,,,,,,,,化膿性関節炎の症候、診断と治療を説明できる。,D-04-04-02-01,
,,,,,,,,,,,,,,,椎間板炎、化膿性脊椎炎、脊椎カリエスの症候、診断と治療を説明できる。,D-04-04-02-02,
,,,,,,,,,,,,,,,原発性骨腫瘍（骨肉腫、Ewing肉腫）の臨床所見、画像所見、病理所見、初期治療を説明できる。,D-04-04-03-01,
,,,,,,,,,,,,,,,転移性骨腫瘍の臨床所見、画像所見、検査所見を説明できる。,D-04-04-03-02,
,,,,,,,,,,,,,,,悪性軟部腫瘍（脂肪肉腫）の診断、病理所見、治療を概説できる。,D-04-04-03-03,
,,,,,,,,,,,,,,,心臓の構造と分布する血管・神経、冠動脈の特長とその分布域を説明できる。,D-05-01-na-01,
,,,,,,,,,,,,,,,心筋細胞の微細構造と機能を説明できる。,D-05-01-na-02,
,,,,,,,,,,,,,,,心筋細胞の電気現象と心臓の興奮（刺激）伝導系を説明できる。,D-05-01-na-03,
,,,,,,,,,,,,,,,興奮収縮連関を概説できる。,D-05-01-na-04,
,,,,,,,,,,,,,,,体循環、肺循環と胎児・胎盤循環を説明できる。,D-05-01-na-05,
,,,,,,,,,,,,,,,大動脈と主な分枝（頭頸部、上肢、胸部、腹部、下肢）を図示し、分布域を概説できる。,D-05-01-na-06,
,,,,,,,,,,,,,,,主な静脈を図示し、門脈系と上・下大静脈系を説明できる。,D-05-01-na-07,
,,,,,,,,,,,,,,,毛細血管における物質・水分交換を説明できる。,D-05-01-na-08,
,,,,,,,,,,,,,,,胸管を経由するリンパの流れを概説できる。,D-05-01-na-09,
,,,,,,,,,,,,,,,心周期にともなう血行動態を説明できる。,D-05-01-na-10,
,,,,,,,,,,,,,,,心機能曲線と心拍出量の調節機序を説明できる。,D-05-01-na-11,
,,,,,,,,,,,,,,,主な臓器（脳、心臓、肺、腎臓）の循環調節を概説できる。,D-05-01-na-12,
,,,,,,,,,,,,,,,血圧調節の機序を説明できる。,D-05-01-na-13,
,,,,,,,,,,,,,,,体位や運動に伴う循環反応とその機序を説明できる。,D-05-01-na-14,
,,,,,,,,,,,,,,,胸部単純エックス線撮影写真、心電図の主な所見を説明できる。,D-05-02-na-01,
,,,,,,,,,,,,,,,心臓超音波検査の主な所見を説明できる,D-05-02-na-02,
,,,,,,,,,,,,,,,運動負荷心電図、ホルタ―心電図を説明できる。,D-05-02-na-03,
,,,,,,,,,,,,,,,心臓シンチグラフィ－を説明できる。,D-05-02-na-04,
,,,,,,,,,,,,,,,冠動脈造影、冠動脈コンピュータ断層撮影<CT>及び心臓磁気共鳴画像法<MRI>の主な所見を説明できる。,D-05-02-na-05,
,,,,,,,,,,,,,,,心カテーテル検査（心内圧、心機能、シャント率の測定）と結果の解釈を説明できる。,D-05-02-na-06,
,,,,,,,,,,,,,,,発熱,D-05-03-na-01,
,,,,,,,,,,,,,,,全身倦怠感,D-05-03-na-02,
,,,,,,,,,,,,,,,食思(欲)不振,D-05-03-na-03,
,,,,,,,,,,,,,,,体重減少・体重増加,D-05-03-na-04,
,,,,,,,,,,,,,,,ショック,D-05-03-na-05,
,,,,,,,,,,,,,,,意識障害・失神,D-05-03-na-06,
,,,,,,,,,,,,,,,けいれん,D-05-03-na-07,
,,,,,,,,,,,,,,,めまい,D-05-03-na-08,
,,,,,,,,,,,,,,,浮腫,D-05-03-na-09,
,,,,,,,,,,,,,,,咳・痰,D-05-03-na-10,
,,,,,,,,,,,,,,,呼吸困難,D-05-03-na-11,
,,,,,,,,,,,,,,,胸痛,D-05-03-na-12,
,,,,,,,,,,,,,,,動悸,D-05-03-na-13,
,,,,,,,,,,,,,,,胸水,D-05-03-na-14,
,,,,,,,,,,,,,,,嚥下困難・障害,D-05-03-na-15,
,,,,,,,,,,,,,,,腹痛,D-05-03-na-16,
,,,,,,,,,,,,,,,悪心・嘔吐,D-05-03-na-17,
,,,,,,,,,,,,,,,頭痛,D-05-03-na-18,
,,,,,,,,,,,,,,,腰背部痛,D-05-03-na-19,
,,,,,,,,,,,,,,,心停止,D-05-03-na-20,
,,,,,,,,,,,,,,,心不全の定義と原因、病態生理（収縮不全、拡張不全）を説明できる。,D-05-04-01-01,
,,,,,,,,,,,,,,,左心不全と右心不全の徴候、病態、診断と治療を説明できる。,D-05-04-01-02,
,,,,,,,,,,,,,,,急性心不全と慢性心不全の診断と薬物療法、非薬物療法（心臓リハビリテーションを含む）を説明できる。,D-05-04-01-03,
,,,,,,,,,,,,,,,心不全診療における多職種連携（チーム医療）による疾病管理プログラムを概説できる。,D-05-04-01-04,
,,,,,,,,,,,,,,,高齢者における心不全の特徴を説明できる。,D-05-04-01-05,
,,,,,,,,,,,,,,,安定労作性狭心症の病態、症候、診断、治療を説明できる。,D-05-04-02-01,
,,,,,,,,,,,,,,,冠攣縮性狭心症の病態、症候、診断、治療を説明できる。,D-05-04-02-02,
,,,,,,,,,,,,,,,急性冠症候群（不安定狭心症、非ST上昇型心筋梗塞及びST上昇型心筋梗塞）の病態、症候、診断、治療を説明できる。,D-05-04-02-03,
,,,,,,,,,,,,,,,虚血性心疾患の発症予防、再発予防を説明できる。,D-05-04-02-04,
,,,,,,,,,,,,,,,陳旧性心筋梗塞の病態、症候、診断、治療を説明できる。,D-05-04-02-05,
,,,,,,,,,,,,,,,虚血性心疾患の薬物治療、非薬物療法（血行再建術（経皮的冠動脈形成術、ステント留置術、冠動脈バイパス術））、心臓リハビリテーションを説明できる。,D-05-04-02-06,
,,,,,,,,,,,,,,,主な徐脈性不整脈（洞不全症候群（sick sinus症候群）、房室ブロック）の原因、症候、心電図の特徴、治療を説明できる。,D-05-04-03-01,
,,,,,,,,,,,,,,,主な上室性頻脈性不整脈（洞性頻脈、上室性期外収縮、心房細動、心房粗動、発作性上室性頻拍症）の原因、症候、心電図の特徴、治療を説明できる。,D-05-04-03-02,
,,,,,,,,,,,,,,,主な心室性頻脈性不整脈（心室性期外収縮、心室頻拍、多源性心室頻拍（トルサード・ド・ポワント(torsades de pointes)、心室細動）の原因、症候、心電図の特徴、治療を説明できる。,D-05-04-03-03,
,,,,,,,,,,,,,,,不整脈の原因となる疾患や病態（電解質異常、QT延長症候群、薬剤、甲状腺機能亢進症、Wolff-Parkinson-White <WPW>症候群、Brugada症候群等）を説明できる。,D-05-04-03-04,
,,,,,,,,,,,,,,,不整脈の薬物療法、非薬物療法（カテーテルアブレーション、電気的除細動、ペースメーカー植え込み、植え込み型除細動器）を概説できる。,D-05-04-03-05,
,,,,,,,,,,,,,,,致死性不整脈の診断、初期対応、治療を説明できる。,D-05-04-03-06,
,,,,,,,,,,,,,,,主な弁膜症（僧帽弁疾患、大動脈弁疾患）の病因、病態生理、症候と診断を説明し、治療を説明できる。,D-05-04-04-01,
,,,,,,,,,,,,,,,心肥大の病態生理、リモデリング機序を説明できる。,D-05-04-05-01,
,,,,,,,,,,,,,,,特発性心筋症（肥大型心筋症、拡張型心筋症、拘束型心筋症）と二次性心筋疾患の定義・概念と病態生理を説明できる。,D-05-04-05-02,
,,,,,,,,,,,,,,,急性心筋炎の病態、症候、診断、治療症候を説明できる。,D-05-04-05-03,
,,,,,,,,,,,,,,,感染性心内膜炎の病態、症候、診断、治療を説明できる。,D-05-04-05-04,
,,,,,,,,,,,,,,,急性心膜炎、収縮性心膜炎の病態、症候、診断、治療を説明できる。,D-05-04-05-05,
,,,,,,,,,,,,,,,心タンポナーデの病態、症候、診断、治療を説明できる。,D-05-04-05-06,
,,,,,,,,,,,,,,,主な心臓腫瘍（粘液腫など）の病態、症候、診断、治療を説明できる。,D-05-04-05-07,
,,,,,,,,,,,,,,,主な先天性心疾患（心房中隔欠損症、心室中隔欠損症、動脈管開存、Fallot四徴症）の病態生理、症候と診断を説明し、治療を概説できる。,D-05-04-06-01,
,,,,,,,,,,,,,,,動脈硬化の危険因子、病態、非侵襲的検査法を説明できる。,D-05-04-07-01,
,,,,,,,,,,,,,,,急性大動脈解離の病態、症候、診断、治療を説明できる。,D-05-04-07-02,
,,,,,,,,,,,,,,,大動脈瘤（破裂）の病態、症候、診断、治療を説明できる。,D-05-04-07-03,
,,,,,,,,,,,,,,,閉塞性動脈硬化症とBuerger病の病態、症候、診断、治療を説明できる。,D-05-04-07-04,
,,,,,,,,,,,,,,,高安動脈炎（大動脈炎症候群）を概説できる。,D-05-04-07-05,
,,,,,,,,,,,,,,,深部静脈血栓症(deep vein thrombosis <DVT>)、血栓性静脈炎の病因、症候、合併症、治療を説明できる。,D-05-04-08-01,
,,,,,,,,,,,,,,,上大静脈症候群の病因と症候を説明できる。,D-05-04-08-02,
,,,,,,,,,,,,,,,下肢静脈瘤を説明できる。,D-05-04-08-03,
,,,,,,,,,,,,,,,リンパ浮腫の病因を列挙できる。,D-05-04-08-04,
,,,,,,,,,,,,,,,本態性高血圧症の疫学、診断、合併症、予後、治療を説明できる。,D-05-04-09-01,
,,,,,,,,,,,,,,,二次性高血圧症の病因（内分泌性、腎血管性、薬剤性）、症候、診断、治療を説明できる。,D-05-04-09-02,
,,,,,,,,,,,,,,,各種降圧薬の作用機序、適応、禁忌、副作用を説明できる。,D-05-04-09-03,
,,,,,,,,,,,,,,,高血圧緊急症の病態と対応を説明できる。,D-05-04-09-04,
,,,,,,,,,,,,,,,他疾患（脳血管疾患、心疾患、腎疾患、糖尿病）を合併する場合の血圧管理を説明できる。,D-05-04-09-05,
,,,,,,,,,,,,,,,高齢者の高血圧の特徴と治療の注意点を説明できる。,D-05-04-09-06,
,,,,,,,,,,,,,,,低血圧の原因疾患、病態生理、症候、診断、予後、治療を説明できる。,D-05-04-10-01,
,,,,,,,,,,,,,,,起立性低血圧、神経調節性失神の診断、予後、治療を説明できる。,D-05-04-10-02,
,,,,,,,,,,,,,,,粘液腫の定義と病態、症候、検査所見、画像所見、病理所見、診断、治療法を説明できる。,D-05-04-11-01,
,,,,,,,,,,,,,,,気道の構造、肺葉・肺区域と肺門の構造を説明できる。,D-06-01-na-01,
,,,,,,,,,,,,,,,肺循環と体循環の違いを説明できる。,D-06-01-na-02,
,,,,,,,,,,,,,,,縦隔と胸膜腔の構造を説明できる。,D-06-01-na-03,
,,,,,,,,,,,,,,,呼吸筋と呼吸運動の機序を説明できる。,D-06-01-na-04,
,,,,,,,,,,,,,,,肺気量分画、換気、死腔（換気力学（胸腔内圧、肺コンプライアンス、抵抗、クロージングボリューム(closing volume)））を説明できる。,D-06-01-na-05,
,,,,,,,,,,,,,,,肺胞におけるガス交換と血流の関係を説明できる。,D-06-01-na-06,
,,,,,,,,,,,,,,,肺の換気と血流（換気血流比）が動脈血ガスにおよぼす影響（肺胞気-動脈血酸素分圧較差(alveolar-arterial oxygen difference <A-aDO2>)）を説明できる。,D-06-01-na-07,
,,,,,,,,,,,,,,,呼吸中枢を介する呼吸調節の機序を説明できる。,D-06-01-na-08,
,,,,,,,,,,,,,,,血液による酸素 と二酸化炭素 の運搬の仕組みを説明できる。,D-06-01-na-09,
,,,,,,,,,,,,,,,気道と肺の防御機構（免疫学的・非免疫学的）と代謝機能を説明できる。,D-06-01-na-10,
,,,,,,,,,,,,,,,単純エックス線撮影、コンピュータ断層撮影<CT>、磁気共鳴画像法<MRI>、及び核医学検査（ポジトロン断層法(positron emission tomography <PET>)検査を含む）等の画像検査の意義を説明できる。,D-06-02-na-01,
,,,,,,,,,,,,,,,気管支内視鏡検査の意義を説明できる。,D-06-02-na-02,
,,,,,,,,,,,,,,,喀痰検査（喀痰細胞診、喀痰培養）の意義を説明できる。,D-06-02-na-03,
,,,,,,,,,,,,,,,喘鳴の発生機序と原因疾患を説明できる。,D-06-03-01-01,
,,,,,,,,,,,,,,,胸水,D-06-03-02-01,
,,,,,,,,,,,,,,,胸痛・胸部圧迫感,D-06-03-02-02,
,,,,,,,,,,,,,,,呼吸困難・息切れ,D-06-03-02-03,
,,,,,,,,,,,,,,,咳・痰,D-06-03-02-04,
,,,,,,,,,,,,,,,血痰・喀血,D-06-03-02-05,
,,,,,,,,,,,,,,,呼吸不全の定義、分類、病態生理と主な病因を説明できる。,D-06-04-01-01,
,,,,,,,,,,,,,,,低酸素血症と高二酸化炭素血症の病因、分類と診断を説明し、治療を概説できる。,D-06-04-01-02,
,,,,,,,,,,,,,,,急性上気道感染症（かぜ症候群）と扁桃炎の病因、診断と治療を説明できる。,D-06-04-02-01,
,,,,,,,,,,,,,,,気管支炎・細気管支炎・肺炎（定型肺炎、非定型肺炎）の主な病原体を列挙し、症候、診断と治療を説明できる。,D-06-04-02-02,
,,,,,,,,,,,,,,,肺結核症と肺真菌症の症候、診断、治療と届出手続を説明できる。,D-06-04-02-03,
,,,,,,,,,,,,,,,非結核性（非定型）抗酸菌症を概説できる。,D-06-04-02-04,
,,,,,,,,,,,,,,,誤嚥性肺炎の発生機序とその予防法を説明できる。,D-06-04-02-05,
,,,,,,,,,,,,,,,クループ症候群と急性喉頭蓋炎の病因、診断と治療を説明できる。,D-06-04-02-06,
,,,,,,,,,,,,,,,肺化膿症と膿胸を概説できる。,D-06-04-02-07,
,,,,,,,,,,,,,,,慢性閉塞性肺疾患(chronic obstructive pulmonary disease <COPD>)の病因を列挙できる。,D-06-04-03-01,
,,,,,,,,,,,,,,,慢性閉塞性肺疾患<COPD>の病因、診断、治療、呼吸器リハビリテーションを説明できる。,D-06-04-03-02,
,,,,,,,,,,,,,,,気管支喘息（小児喘息を含む）の病態生理、診断と治療を説明できる。,D-06-04-03-03,
,,,,,,,,,,,,,,,間質性肺炎（特発性、膠原病及び血管炎関連性）の病態、診断と治療を説明できる。,D-06-04-03-04,
,,,,,,,,,,,,,,,びまん性汎細気管支炎を概説できる。,D-06-04-03-05,
,,,,,,,,,,,,,,,放射線肺炎を概説できる。,D-06-04-03-06,
,,,,,,,,,,,,,,,じん肺症（珪肺(silicosis)、石綿肺(asbestosis)）を概説できる。,D-06-04-03-07,
,,,,,,,,,,,,,,,肺性心の病因、診断と治療を説明できる。,D-06-04-04-01,
,,,,,,,,,,,,,,,急性呼吸促(窮)迫症候群(acute respiratory distress syndrome <ARDS>)の病因、症候と治療を説明できる。,D-06-04-04-02,
,,,,,,,,,,,,,,,肺血栓塞栓症の病因、診断と治療を説明できる。,D-06-04-04-03,
,,,,,,,,,,,,,,,肺高血圧症を概説できる。,D-06-04-04-04,
,,,,,,,,,,,,,,,過敏性肺炎の病因、症候と診断を説明できる。,D-06-04-05-01,
,,,,,,,,,,,,,,,サルコイドーシスの症候、診断と治療を説明できる。,D-06-04-05-02,
,,,,,,,,,,,,,,,好酸球性肺炎を概説できる。,D-06-04-05-03,
,,,,,,,,,,,,,,,薬剤性肺炎を概説できる。,D-06-04-05-04,
,,,,,,,,,,,,,,,過換気症候群を概説できる。,D-06-04-06-01,
,,,,,,,,,,,,,,,睡眠時無呼吸症候群を概説できる。,D-06-04-06-02,
,,,,,,,,,,,,,,,肺胞低換気症候群を概説できる。,D-06-04-06-03,
,,,,,,,,,,,,,,,気管支拡張症の症候、診断と治療を説明できる。,D-06-04-07-01,
,,,,,,,,,,,,,,,無気肺の病因と診断を説明できる。,D-06-04-07-02,
,,,,,,,,,,,,,,,新生児呼吸促迫症候群の症候、病態、診断と治療を説明できる。,D-06-04-07-03,
,,,,,,,,,,,,,,,肺リンパ脈管筋腫症を概説できる。,D-06-04-07-04,
,,,,,,,,,,,,,,,肺胞タンパク症を概説できる。,D-06-04-07-05,
,,,,,,,,,,,,,,,胸膜炎の病因、症候、診断と治療を説明できる。,D-06-04-08-01,
,,,,,,,,,,,,,,,気胸（自然気胸、緊張性気胸、外傷性気胸）の病因、症候、診断と治療を説明できる。,D-06-04-08-02,
,,,,,,,,,,,,,,,縦隔気腫の病因、症候と診断を説明できる。,D-06-04-08-03,
,,,,,,,,,,,,,,,胸膜生検の適応を説明できる。,D-06-04-08-04,
,,,,,,,,,,,,,,,肺癌の組織型、病期分類、病理所見、診断、治療を説明できる。,D-06-04-09-01,
,,,,,,,,,,,,,,,転移性肺腫瘍の診断と治療を説明できる。,D-06-04-09-02,
,,,,,,,,,,,,,,,縦隔腫瘍の種類を列挙し、診断と治療を説明できる。,D-06-04-09-03,
,,,,,,,,,,,,,,,胸膜中皮腫の病因、診断、治療を概説できる。,D-06-04-09-04,
,,,,,,,,,,,,,,,各消化器官の位置、形態と関係する血管を図示できる。,D-07-01-na-01,
,,,,,,,,,,,,,,,腹膜と臓器の関係を説明できる。,D-07-01-na-02,
,,,,,,,,,,,,,,,食道・胃・小腸・大腸の基本構造と部位による違いを説明できる。,D-07-01-na-03,
,,,,,,,,,,,,,,,消化管運動の仕組みを説明できる。,D-07-01-na-04,
,,,,,,,,,,,,,,,消化器官に対する自律神経の作用を説明できる。,D-07-01-na-05,
,,,,,,,,,,,,,,,肝の構造と機能を説明できる。,D-07-01-na-06,
,,,,,,,,,,,,,,,胃液の作用と分泌機序を説明できる。,D-07-01-na-07,
,,,,,,,,,,,,,,,胆汁の作用と胆嚢収縮の調節機序を説明できる。,D-07-01-na-08,
,,,,,,,,,,,,,,,膵外分泌系の構造と膵液の作用を説明できる。,D-07-01-na-09,
,,,,,,,,,,,,,,,小腸における消化・吸収の仕組みを説明できる。,D-07-01-na-10,
,,,,,,,,,,,,,,,大腸における糞便形成と排便の仕組みを説明できる。,D-07-01-na-11,
,,,,,,,,,,,,,,,主な消化管ホルモンの作用を説明できる。,D-07-01-na-12,
,,,,,,,,,,,,,,,歯、舌、唾液腺の構造と機能を説明できる。,D-07-01-na-13,
,,,,,,,,,,,,,,,咀しゃくと嚥下の機構を説明できる。,D-07-01-na-14,
,,,,,,,,,,,,,,,消化管の正常細菌叢（腸内細菌叢）の役割を説明できる。,D-07-01-na-15,
,,,,,,,,,,,,,,,代表的な肝炎ウイルス検査の検査項目を列挙し、その意義を説明できる。,D-07-02-na-01,
,,,,,,,,,,,,,,,消化器関連の代表的な腫瘍マーカー（α-fetoprotein <AFP>、 carcinoembryonic antigen <CEA>、carbohydrate antigen <CA> 19-9、protein induced by vitamin K absence or antagonists <PIVKA>-II）の意義を説明できる。,D-07-02-na-02,
,,,,,,,,,,,,,,,消化器系疾患の画像検査を列挙し、その適応と異常所見を説明し、結果を解釈できる。,D-07-02-na-03,
,,,,,,,,,,,,,,,消化器内視鏡検査から得られる情報を説明できる。,D-07-02-na-04,
,,,,,,,,,,,,,,,生検と細胞診の意義と適応を説明できる。,D-07-02-na-05,
,,,,,,,,,,,,,,,肝腫大をきたす疾患を列挙し、その病態生理を説明できる。,D-07-03-01-01,
,,,,,,,,,,,,,,,肝腫大のある患者における医療面接、診察と診断の要点を説明できる。,D-07-03-01-02,
,,,,,,,,,,,,,,,黄疸,D-07-03-02-01,
,,,,,,,,,,,,,,,腹痛,D-07-03-02-02,
,,,,,,,,,,,,,,,悪心・嘔吐,D-07-03-02-03,
,,,,,,,,,,,,,,,食思(欲)不振,D-07-03-02-04,
,,,,,,,,,,,,,,,便秘・下痢・血便,D-07-03-02-05,
,,,,,,,,,,,,,,,吐血・下血,D-07-03-02-06,
,,,,,,,,,,,,,,,腹部膨隆（腹水を含む）・膨満・腫瘤,D-07-03-02-07,
,,,,,,,,,,,,,,,食道・胃静脈瘤の病態生理、内視鏡分類と治療を説明できる。,D-07-04-01-01,
,,,,,,,,,,,,,,,胃食道逆流症(gastroesophageal reflux disease <GERD>)と逆流性食道炎の病態生理、症候と診断を説明できる。,D-07-04-01-02,
,,,,,,,,,,,,,,,Mallory-Weiss症候群を概説できる。,D-07-04-01-03,
,,,,,,,,,,,,,,,胃潰瘍、十二指腸潰瘍 (消化性潰瘍) の病因、症候、進行度分類、診断と治療を説明できる。,D-07-04-02-01,
,,,,,,,,,,,,,,,Helicobacter pylori感染症の診断と治療を説明できる。,D-07-04-02-02,
,,,,,,,,,,,,,,,胃ポリープの病理と肉眼分類を説明できる。,D-07-04-02-03,
,,,,,,,,,,,,,,,急性胃粘膜病変の概念、診断と治療を説明できる。,D-07-04-02-04,
,,,,,,,,,,,,,,,急性胃腸炎、慢性胃炎を概説できる。,D-07-04-02-05,
,,,,,,,,,,,,,,,胃切除後症候群の病態生理を説明できる。,D-07-04-02-06,
,,,,,,,,,,,,,,,機能性消化管障害（機能性ディスペプシア(functional dyspepsia <FD>)）を説明できる。,D-07-04-02-07,
,,,,,,,,,,,,,,,肥厚性幽門狭窄症を概説できる。,D-07-04-02-08,
,,,,,,,,,,,,,,,急性虫垂炎の症候、診断と治療を説明できる。,D-07-04-03-01,
,,,,,,,,,,,,,,,腸閉塞とイレウスの病因、症候、診断と治療を説明できる。,D-07-04-03-02,
,,,,,,,,,,,,,,,炎症性腸疾患（潰瘍性大腸炎・Crohn病）の病態生理、症候、診断と治療を説明できる。,D-07-04-03-03,
,,,,,,,,,,,,,,,痔核と痔瘻の病態生理、症候と診断を説明できる。,D-07-04-03-04,
,,,,,,,,,,,,,,,機能性消化管障害（過敏性腸症候群）を概説できる。,D-07-04-03-05,
,,,,,,,,,,,,,,,腸管憩室症（大腸憩室炎と大腸憩室出血）を概説できる。,D-07-04-03-06,
,,,,,,,,,,,,,,,薬物性腸炎を概説できる。,D-07-04-03-07,
,,,,,,,,,,,,,,,消化管ポリポーシスを概説できる。,D-07-04-03-08,
,,,,,,,,,,,,,,,大腸の主な先天性疾患（鎖肛、Hirschsprung病）を概説できる。,D-07-04-03-09,
,,,,,,,,,,,,,,,腸重積症を概説できる。,D-07-04-03-10,
,,,,,,,,,,,,,,,便秘症、乳児下痢症を説明できる。,D-07-04-03-11,
,,,,,,,,,,,,,,,感染性腸炎を概説できる。,D-07-04-03-12,
,,,,,,,,,,,,,,,虚血性大腸炎を概説できる。,D-07-04-03-13,
,,,,,,,,,,,,,,,急性出血性直腸潰瘍を概説できる。,D-07-04-03-14,
,,,,,,,,,,,,,,,上腸間膜動脈閉塞症を概説できる。,D-07-04-03-15,
,,,,,,,,,,,,,,,消化管神経内分泌腫瘍(neuroendocrine tumor <NET>)を概説できる。,D-07-04-03-16,
,,,,,,,,,,,,,,,消化管間質腫瘍(gastrointestinal stromal tumor <GIST>)を概説できる。,D-07-04-03-17,
,,,,,,,,,,,,,,,胆石症の病因、症候、診断と治療を説明できる。,D-07-04-04-01,
,,,,,,,,,,,,,,,胆嚢炎と胆管炎の病因、病態生理、症候、診断、合併症と治療を説明できる。,D-07-04-04-02,
,,,,,,,,,,,,,,,胆嚢ポリープを概説できる。,D-07-04-04-03,
,,,,,,,,,,,,,,,先天性胆道拡張症と膵・胆管合流異常症を概説できる。,D-07-04-04-04,
,,,,,,,,,,,,,,,A型・B型・C型・D型・E型肝炎の疫学、症候、診断、治療、経過と予後を説明できる。,D-07-04-05-01,
,,,,,,,,,,,,,,,急性肝炎、慢性肝炎の定義を説明できる。,D-07-04-05-02,
,,,,,,,,,,,,,,,急性肝不全の概念、診断を説明できる。,D-07-04-05-03,
,,,,,,,,,,,,,,,肝硬変の病因、病理、症候、診断と治療を説明できる。,D-07-04-05-04,
,,,,,,,,,,,,,,,肝硬変の合併症（門脈圧亢進症、肝性脳症、肝癌）を概説できる。,D-07-04-05-05,
,,,,,,,,,,,,,,,アルコール性肝障害を概説できる。,D-07-04-05-06,
,,,,,,,,,,,,,,,薬物性肝障害を概説できる。,D-07-04-05-07,
,,,,,,,,,,,,,,,肝膿瘍の症候、診断と治療を説明できる。,D-07-04-05-08,
,,,,,,,,,,,,,,,原発性胆汁性胆管炎（原発性胆汁性肝硬変）と原発性硬化性胆管炎の症候、診断、治療、経過と予後を説明できる。,D-07-04-05-09,
,,,,,,,,,,,,,,,自己免疫性肝炎を概説できる。,D-07-04-05-10,
,,,,,,,,,,,,,,,脂肪性肝疾患を概説できる。,D-07-04-05-11,
,,,,,,,,,,,,,,,急性膵炎（アルコール性、胆石性、特発性）の病態生理、症候、診断と治療を説明できる。,D-07-04-06-01,
,,,,,,,,,,,,,,,慢性膵炎（アルコール性、特発性）の病態生理、症候、診断、合併症と治療を説明できる。,D-07-04-06-02,
,,,,,,,,,,,,,,,自己免疫性膵炎を概説できる。,D-07-04-06-03,
,,,,,,,,,,,,,,,腹膜炎の病因、症候、診断と治療を説明できる。,D-07-04-07-01,
,,,,,,,,,,,,,,,ヘルニアの概念、病態（滑脱、嵌頓、絞扼）と好発部位を説明できる。,D-07-04-07-02,
,,,,,,,,,,,,,,,鼠径部ヘルニアの病因、病態、診断と治療を説明できる。,D-07-04-07-03,
,,,,,,,,,,,,,,,食道癌の病理所見、肉眼分類と進行度分類を説明できる。,D-07-04-08-01,
,,,,,,,,,,,,,,,食道癌の症候、診断、治療と予後を説明できる。,D-07-04-08-02,
,,,,,,,,,,,,,,,胃癌の疫学、病理所見、症候、肉眼分類と進行度分類を説明できる。,D-07-04-08-03,
,,,,,,,,,,,,,,,胃癌の診断法を列挙し、所見とその意義を説明できる。,D-07-04-08-04,
,,,,,,,,,,,,,,,胃癌の進行度に応じた治療を概説できる。,D-07-04-08-05,
,,,,,,,,,,,,,,,大腸癌の病理所見、診断、肉眼分類と進行度分類を説明できる。,D-07-04-08-06,
,,,,,,,,,,,,,,,大腸癌の症候、診断、治療を説明できる。,D-07-04-08-07,
,,,,,,,,,,,,,,,胆嚢・胆管癌・乳頭部癌の病理所見、症候、診断と治療を説明できる。,D-07-04-08-08,
,,,,,,,,,,,,,,,原発性肝癌、転移性肝癌の病因、病理所見、症候、診断と治療を説明できる。,D-07-04-08-09,
,,,,,,,,,,,,,,,膵癌の病理所見、症候、診断と治療を説明できる。,D-07-04-08-10,
,,,,,,,,,,,,,,,嚢胞性膵腫瘍の分類と病理所見を説明できる。,D-07-04-08-11,
,,,,,,,,,,,,,,,腹膜中皮腫、消化管間質腫瘍<GIST>、消化管カルチノイドを概説できる。,D-07-04-08-12,
,,,,,,,,,,,,,,,体液の量と組成・浸透圧を小児と成人を区別して説明できる。,D-08-01-na-01,
,,,,,,,,,,,,,,,腎・尿路系の位置・形態と血管分布・神経支配を説明できる。,D-08-01-na-02,
,,,,,,,,,,,,,,,腎の機能の全体像やネフロン各部の構造と機能を概説できる。,D-08-01-na-03,
,,,,,,,,,,,,,,,腎糸球体における濾過の機序を説明できる。,D-08-01-na-04,
,,,,,,,,,,,,,,,尿細管各部における再吸収・分泌機構と尿の濃縮機序を説明できる。,D-08-01-na-05,
,,,,,,,,,,,,,,,水電解質、酸・塩基平衡の調節機構を概説できる。,D-08-01-na-06,
,,,,,,,,,,,,,,,腎で産生される又は腎に作用するホルモン・血管作動性物質（エリスロポエチン、ビタミンD、レニン、アンギオテンシンII、アルドステロン）の作用を説明できる。,D-08-01-na-07,
,,,,,,,,,,,,,,,蓄排尿の機序を説明できる。,D-08-01-na-08,
,,,,,,,,,,,,,,,腎・尿路系の画像診断の適応と異常所見を概説できる。,D-08-02-na-01,
,,,,,,,,,,,,,,,糸球体濾過量（実測、推算）を含む腎機能検査法を概説できる。,D-08-02-na-02,
,,,,,,,,,,,,,,,腎生検の適応と禁忌を説明できる。,D-08-02-na-03,
,,,,,,,,,,,,,,,尿流動態検査を説明できる。,D-08-02-na-04,
,,,,,,,,,,,,,,,高・低Na血症（原因疾患、症候、治療）を概説できる。,D-08-03-01-01,
,,,,,,,,,,,,,,,高・低K血症（原因疾患、症候、治療）を概説できる。,D-08-03-01-02,
,,,,,,,,,,,,,,,高・低Ca血症（原因疾患、症候、治療）を概説できる。,D-08-03-01-03,
,,,,,,,,,,,,,,,高・低P血症、高・低Cl血症、高・低Mg血症を概説できる。,D-08-03-01-04,
,,,,,,,,,,,,,,,アシドーシス・アルカローシス（代謝性・呼吸性）の定義、病態生理と診断を説明できる。,D-08-03-02-01,
,,,,,,,,,,,,,,,アシドーシス・アルカローシス（代謝性・呼吸性）の治療を概説できる。,D-08-03-02-02,
,,,,,,,,,,,,,,,脱水,D-08-03-03-01,
,,,,,,,,,,,,,,,浮腫,D-08-03-03-02,
,,,,,,,,,,,,,,,血尿・タンパク尿,D-08-03-03-03,
,,,,,,,,,,,,,,,尿量・排尿の異常,D-08-03-03-04,
,,,,,,,,,,,,,,,急性腎不全（急性腎障害）の病因、症候、診断と治療を説明できる。,D-08-04-01-01,
,,,,,,,,,,,,,,,慢性腎不全（慢性腎臓病(chronic kidney disease <CKD>)）の病因、症候、診断と治療を説明できる。,D-08-04-01-02,
,,,,,,,,,,,,,,,慢性腎臓病<CKD>重症度分類を説明できる。,D-08-04-01-03,
,,,,,,,,,,,,,,,慢性腎不全の合併症である腎性貧血、ミネラル骨代謝異常を概説できる。,D-08-04-01-04,
,,,,,,,,,,,,,,,透析導入基準（慢性腎不全）を説明できる。,D-08-04-01-05,
,,,,,,,,,,,,,,,腎不全の治療（血液透析・腹膜透析・腎移植）を説明できる。,D-08-04-01-06,
,,,,,,,,,,,,,,,急性糸球体腎炎症候群の病因、症候、診断と治療を説明できる。,D-08-04-02-01,
,,,,,,,,,,,,,,,慢性糸球体腎炎症候群（IgA腎症を含む）の症候、診断と治療を説明できる。,D-08-04-02-02,
,,,,,,,,,,,,,,,ネフローゼ症候群の分類、症候、診断と治療を説明できる。,D-08-04-02-03,
,,,,,,,,,,,,,,,急速進行性糸球体腎炎を概説できる。,D-08-04-02-04,
,,,,,,,,,,,,,,,臨床症候分類（急性腎炎症候群、慢性腎炎症候群、ネフローゼ症候群、急速進行性腎炎症候群、反復性または持続性血尿症候群）を概説できる。,D-08-04-02-05,
,,,,,,,,,,,,,,,高血圧による腎障害（腎硬化症）を概説できる。,D-08-04-03-01,
,,,,,,,,,,,,,,,腎血管性高血圧症を概説できる。,D-08-04-03-02,
,,,,,,,,,,,,,,,尿細管性アシドーシスの分類、病態生理、診断と治療を説明できる。,D-08-04-04-01,
,,,,,,,,,,,,,,,Fanconi症候群（腎性糖尿を含む）の概念、症候と診断を説明できる。,D-08-04-04-02,
,,,,,,,,,,,,,,,急性・慢性腎盂腎炎の病因、症候、診断と治療を説明できる。,D-08-04-05-01,
,,,,,,,,,,,,,,,急性・慢性尿細管間質性腎炎の病因、症候、診断と治療を説明できる。,D-08-04-05-02,
,,,,,,,,,,,,,,,糖尿病腎症の症候、診断と治療を説明できる。,D-08-04-06-01,
,,,,,,,,,,,,,,,ループス腎炎の症候、診断と治療を説明できる。,D-08-04-06-02,
,,,,,,,,,,,,,,,アミロイド腎症の症候、診断と治療を説明できる。,D-08-04-06-03,
,,,,,,,,,,,,,,,膠原病類縁疾患（血管炎症候群、抗糸球体基底膜(glomerular basement membrane <GBM>)病（Goodpasture症候群））の腎病変を説明できる。,D-08-04-06-04,
,,,,,,,,,,,,,,,IgA血管炎（紫斑病性腎炎）を概説できる。,D-08-04-06-05,
,,,,,,,,,,,,,,,腎尿路の主な先天異常（多発性嚢胞腎、膀胱尿管逆流）を概説できる。,D-08-04-07-01,
,,,,,,,,,,,,,,,腎外傷の症候、診断と治療を説明できる。,D-08-04-07-02,
,,,,,,,,,,,,,,,尿路結石の病因、症候、診断と治療を説明できる。,D-08-04-08-01,
,,,,,,,,,,,,,,,尿路の炎症（膀胱炎・前立腺炎・尿道炎）の病因、診断と治療を説明できる。,D-08-04-08-02,
,,,,,,,,,,,,,,,神経因性膀胱を概説できる。,D-08-04-08-03,
,,,,,,,,,,,,,,,腎癌の症候、病理所見、診断、治療を説明できる。,D-08-04-09-01,
,,,,,,,,,,,,,,,膀胱癌を含む尿路上皮癌の症候、診断、治療を説明できる。,D-08-04-09-02,
,,,,,,,,,,,,,,,生殖腺の発生と性分化の過程を説明できる。,D-09-01-na-01,
,,,,,,,,,,,,,,,男性生殖器の発育の過程を説明できる。,D-09-01-na-02,
,,,,,,,,,,,,,,,男性生殖器の形態と機能を説明できる。,D-09-01-na-03,
,,,,,,,,,,,,,,,精巣の組織構造と精子形成の過程を説明できる。,D-09-01-na-04,
,,,,,,,,,,,,,,,陰茎の組織構造と勃起・射精の機序を説明できる。,D-09-01-na-05,
,,,,,,,,,,,,,,,女性生殖器の発育の過程を説明できる。,D-09-01-na-06,
,,,,,,,,,,,,,,,女性生殖器の形態と機能を説明できる。,D-09-01-na-07,
,,,,,,,,,,,,,,,性周期発現と排卵の機序を説明できる。,D-09-01-na-08,
,,,,,,,,,,,,,,,閉経の過程と疾病リスクの変化を説明できる。,D-09-01-na-09,
,,,,,,,,,,,,,,,精巣と前立腺の検査法（尿路造影、超音波検査、コンピュータ断層撮影<CT>、磁気共鳴画像法<MRI>）の適応と異常所見を説明し、結果を解釈できる。,D-09-02-01-01,
,,,,,,,,,,,,,,,血中ホルモン（卵胞刺激ホルモン(follicle-stimulating hormone <FSH>)、黄体形成ホルモン(luteinizing hormone <LH>)、プロラクチン、ヒト絨毛性ゴナドトロピン(human chorionic gonadotropin <hCG>、エストロゲン、プロゲステロン）測定値を評価できる。,D-09-02-02-01,
,,,,,,,,,,,,,,,骨盤内臓器と腫瘍の画像診断（超音波検査、コンピュータ断層撮影<CT>、磁気共鳴画像法<MRI>、子宮卵管造影(hysterosalpingography <HSG>)所見を概説できる。,D-09-02-02-02,
,,,,,,,,,,,,,,,基礎体温の所見を説明できる。,D-09-02-02-03,
,,,,,,,,,,,,,,,腟分泌物の所見を説明できる。,D-09-02-02-04,
,,,,,,,,,,,,,,,勃起不全と射精障害を概説できる。,D-09-03-01-01,
,,,,,,,,,,,,,,,精巣機能障害を概説できる。,D-09-03-01-02,
,,,,,,,,,,,,,,,腹痛,D-09-03-02-01,
,,,,,,,,,,,,,,,腹部膨隆（腹水を含む）・膨満・腫瘤,D-09-03-02-02,
,,,,,,,,,,,,,,,血尿・タンパク尿,D-09-03-02-03,
,,,,,,,,,,,,,,,尿量・排尿の異常,D-09-03-02-04,
,,,,,,,,,,,,,,,不正性器出血、腟分泌物（帯下）の増量、腟乾燥感、性交痛、乳汁漏出症をきたす疾患を列挙し、その病態を説明できる。,D-09-03-03-01,
,,,,,,,,,,,,,,,貧血,D-09-03-04-01,
,,,,,,,,,,,,,,,腹痛,D-09-03-04-02,
,,,,,,,,,,,,,,,腹部膨隆（腹水を含む）・膨満・腫瘤,D-09-03-04-03,
,,,,,,,,,,,,,,,尿量・排尿の異常,D-09-03-04-04,
,,,,,,,,,,,,,,,月経異常・無月経,D-09-03-04-05,
,,,,,,,,,,,,,,,男性不妊症を概説できる。,D-09-04-01-01,
,,,,,,,,,,,,,,,前立腺肥大症の診断と治療を説明できる。,D-09-04-01-02,
,,,,,,,,,,,,,,,停留精巣、陰嚢内腫瘤を概説できる。,D-09-04-01-03,
,,,,,,,,,,,,,,,内外生殖器の先天異常を説明できる。,D-09-04-02-01,
,,,,,,,,,,,,,,,卵巣機能障害、更年期障害を概説できる。,D-09-04-02-02,
,,,,,,,,,,,,,,,不妊症の系統診断と治療を説明できる。,D-09-04-02-03,
,,,,,,,,,,,,,,,子宮筋腫・子宮腺筋症の症候、診断と治療を概説できる。,D-09-04-02-04,
,,,,,,,,,,,,,,,子宮内膜症の症候、診断と治療を説明できる。,D-09-04-02-05,
,,,,,,,,,,,,,,,外陰、腟と骨盤内感染症の症候、診断と治療を説明できる。,D-09-04-02-06,
,,,,,,,,,,,,,,,前立腺癌の症候、病理所見、診断、治療を説明できる。,D-09-04-03-01,
,,,,,,,,,,,,,,,精巣腫瘍の症候、診断、治療を説明できる。,D-09-04-03-02,
,,,,,,,,,,,,,,,子宮頸癌・子宮体癌（子宮内膜癌）の予防、症候、病理所見、診断、治療を説明できる。,D-09-04-03-03,
,,,,,,,,,,,,,,,卵巣腫瘍（卵巣癌、卵巣嚢腫）の症候、病理所見、診断、治療を説明できる。,D-09-04-03-04,
,,,,,,,,,,,,,,,絨毛性疾患（胞状奇胎、絨毛癌）の症候、診断、治療を説明できる。,D-09-04-03-05,
,,,,,,,,,,,,,,,妊娠の診断法を説明できる。,D-10-01-na-01,
,,,,,,,,,,,,,,,妊娠に伴う身体的変化を概説できる。,D-10-01-na-02,
,,,,,,,,,,,,,,,胎児・胎盤検査法（超音波検査、分娩監視装置による）の意義を説明できる。,D-10-01-na-03,
,,,,,,,,,,,,,,,羊水検査法の意義と異常所見を説明できる。,D-10-01-na-04,
,,,,,,,,,,,,,,,腹痛,D-10-02-na-01,
,,,,,,,,,,,,,,,悪心・嘔吐,D-10-02-na-02,
,,,,,,,,,,,,,,,腹部膨隆（腹水を含む）・膨満・腫瘤,D-10-02-na-03,
,,,,,,,,,,,,,,,妊娠・分娩・産褥での母体の解剖学的と生理学的変化を説明できる。,D-10-03-na-01,
,,,,,,,,,,,,,,,胎児・胎盤系の発達過程での機能・形態的変化を説明できる。,D-10-03-na-02,
,,,,,,,,,,,,,,,正常妊娠の経過を説明できる。,D-10-03-na-03,
,,,,,,,,,,,,,,,正常分娩の経過を説明できる。,D-10-03-na-04,
,,,,,,,,,,,,,,,産褥の過程を説明できる。,D-10-03-na-05,
,,,,,,,,,,,,,,,育児に伴う母体の構造的・生理的な変化、精神問題を説明できる。,D-10-03-na-06,
,,,,,,,,,,,,,,,母子保健の意義を医学的に説明できる。,D-10-03-na-07,
,,,,,,,,,,,,,,,妊娠時の薬物療法の注意点を説明できる。,D-10-03-na-08,
,,,,,,,,,,,,,,,主な異常妊娠（流産、切迫流産、子宮外妊娠（異所性妊娠）、妊娠高血圧症候群、多胎妊娠、胎児発育不全）の病態を説明できる。,D-10-04-na-01,
,,,,,,,,,,,,,,,主な異常分娩（早産、微弱陣痛、遷延分娩、回旋異常、前置胎盤、癒着胎盤、常位胎盤早期剥離、弛緩出血、分娩外傷）の病態を説明できる。,D-10-04-na-02,
,,,,,,,,,,,,,,,主な異常産褥（子宮復古不全、産褥熱、乳腺炎）の病態を説明できる。,D-10-04-na-03,
,,,,,,,,,,,,,,,産科救急（産科出血、播種性血管内凝固<DIC>）の病態と治療を説明できる。,D-10-04-na-04,
,,,,,,,,,,,,,,,"主な合併症妊娠（耐糖能異常、甲状腺疾患、血液型不適合妊娠、toxoplasmosis, other agents, rubella, cytomegalovirus, herpes simplex <TORCH>症候群）の病態を説明できる。",D-10-04-na-05,
,,,,,,,,,,,,,,,人工妊娠中絶の適応を説明できる。,D-10-05-na-01,
,,,,,,,,,,,,,,,帝王切開術の適応を説明できる。,D-10-05-na-02,
,,,,,,,,,,,,,,,乳房の構造と機能を説明できる。,D-11-01-na-01,
,,,,,,,,,,,,,,,成長発達に伴う乳房の変化を説明できる。,D-11-01-na-02,
,,,,,,,,,,,,,,,乳汁分泌に関するホルモンの作用を説明できる。,D-11-01-na-03,
,,,,,,,,,,,,,,,乳房腫瘤の画像診断（乳房撮影、超音波検査、磁気共鳴画像法<MRI>）を概説できる。,D-11-02-na-01,
,,,,,,,,,,,,,,,乳房腫瘤に対する細胞・組織診断法を概説できる。,D-11-02-na-02,
,,,,,,,,,,,,,,,乳房腫瘤、異常乳汁分泌（血性乳頭分泌）と乳房の腫脹・疼痛・変形をきたす主な病因を列挙できる。,D-11-03-na-01,
,,,,,,,,,,,,,,,良性乳腺疾患の種類を列挙できる。,D-11-04-01-01,
,,,,,,,,,,,,,,,女性化乳房を概説できる。,D-11-04-01-02,
,,,,,,,,,,,,,,,乳癌の危険因子、症候、病理所見、診断、治療と予後を説明できる。,D-11-04-02-01,
,,,,,,,,,,,,,,,ホルモンを構造から分類し作用機序と分泌調節機能を説明できる。,D-12-01-na-01,
,,,,,,,,,,,,,,,各内分泌器官の位置を図示し、そこから分泌されるホルモンを列挙できる。,D-12-01-na-02,
,,,,,,,,,,,,,,,視床下部ホルモン・下垂体ホルモンの名称、作用と相互関係を説明できる。,D-12-01-na-03,
,,,,,,,,,,,,,,,甲状腺と副甲状腺（上皮小体）から分泌されるホルモンの作用と分泌調節機構を説明できる。,D-12-01-na-04,
,,,,,,,,,,,,,,,副腎の構造と分泌されるホルモンの作用と分泌調節機構を説明できる。,D-12-01-na-05,
,,,,,,,,,,,,,,,膵島から分泌されるホルモンの作用を説明できる。,D-12-01-na-06,
,,,,,,,,,,,,,,,男性ホルモン・女性ホルモンの合成・代謝経路と作用を説明できる。,D-12-01-na-07,
,,,,,,,,,,,,,,,三大栄養素、ビタミン、微量元素の消化吸収と栄養素の生物学的利用効率(bioavailability)を説明できる。,D-12-01-na-08,
,,,,,,,,,,,,,,,糖質・タンパク質・脂質の代謝経路と相互作用を説明できる。,D-12-01-na-09,
,,,,,,,,,,,,,,,ホルモンの過剰または欠乏がもたらす身体症状を説明できる。,D-12-02-na-01,
,,,,,,,,,,,,,,,血中ホルモン濃度に影響を与える因子を列挙できる。,D-12-02-na-02,
,,,,,,,,,,,,,,,ホルモンの日内変動の例を挙げて説明できる。,D-12-02-na-03,
,,,,,,,,,,,,,,,ホルモン分泌刺激試験と抑制試験の原理と反応の型を説明できる。,D-12-02-na-04,
,,,,,,,,,,,,,,,エネルギー摂取の過剰または欠乏がもたらす身体症状を説明できる。,D-12-02-na-05,
,,,,,,,,,,,,,,,低身長をきたす疾患を列挙し、その病態生理を説明できる。,D-12-03-01-01,
,,,,,,,,,,,,,,,甲状腺腫を分類し、疾患を列挙できる。,D-12-03-02-01,
,,,,,,,,,,,,,,,甲状腺の触診ができる。,D-12-03-02-02,
,,,,,,,,,,,,,,,肥満・やせ,D-12-03-03-01,
,,,,,,,,,,,,,,,月経異常,D-12-03-03-02,
,,,,,,,,,,,,,,,Cushing病の病態と診断を説明できる。,D-12-04-01-01,
,,,,,,,,,,,,,,,先端巨大症を概説できる。,D-12-04-01-02,
,,,,,,,,,,,,,,,汎下垂体機能低下症を概説できる。,D-12-04-01-03,
,,,,,,,,,,,,,,,尿崩症を概説できる。,D-12-04-01-04,
,,,,,,,,,,,,,,,成長ホルモン分泌不全性低身長症を概説できる。,D-12-04-01-05,
,,,,,,,,,,,,,,,高プロラクチン血症を概説できる。,D-12-04-01-06,
,,,,,,,,,,,,,,,抗利尿ホルモン不適合分泌症候群(syndrome of inappropriate secretion of antidiuretic hormone <SIADH>)を概説できる。,D-12-04-01-07,
,,,,,,,,,,,,,,,Basedow病の病態、症候、診断と治療を説明できる。,D-12-04-02-01,
,,,,,,,,,,,,,,,甲状腺炎（慢性・亜急性）を概説できる。,D-12-04-02-02,
,,,,,,,,,,,,,,,甲状腺機能低下症の症候、診断と治療を説明できる。,D-12-04-02-03,
,,,,,,,,,,,,,,,カルシウム代謝の異常を疾患と関連付けて説明できる。,D-12-04-03-01,
,,,,,,,,,,,,,,,副甲状腺機能亢進症と副甲状腺機能低下症の病因、病態、症候と診断を説明できる。,D-12-04-03-02,
,,,,,,,,,,,,,,,悪性腫瘍に伴う高Ca血症を概説できる。,D-12-04-03-03,
,,,,,,,,,,,,,,,偽性副甲状腺機能低下症を概説できる。,D-12-04-03-04,
,,,,,,,,,,,,,,,Cushing症候群の病態、症候と診断を説明できる。,D-12-04-04-01,
,,,,,,,,,,,,,,,アルドステロン過剰症、原発性アルドステロン症を概説できる。,D-12-04-04-02,
,,,,,,,,,,,,,,,副腎不全（急性・慢性（Addison病））の病因、病態生理、症候、診断と治療を説明できる。,D-12-04-04-03,
,,,,,,,,,,,,,,,先天性副腎（皮質）過形成を概説できる。,D-12-04-04-04,
,,,,,,,,,,,,,,,糖尿病の病因、病態生理、分類、症候と診断を説明できる。,D-12-04-05-01,
,,,,,,,,,,,,,,,糖尿病の急性合併症を説明できる。,D-12-04-05-02,
,,,,,,,,,,,,,,,糖尿病の慢性合併症を列挙し、概説できる。,D-12-04-05-03,
,,,,,,,,,,,,,,,糖尿病の治療（食事療法、運動療法、薬物治療）を概説できる。,D-12-04-05-04,
,,,,,,,,,,,,,,,低血糖症を概説できる。,D-12-04-05-05,
,,,,,,,,,,,,,,,脂質異常症（高脂血症）の分類、病因と病態を説明できる。,D-12-04-06-01,
,,,,,,,,,,,,,,,脂質異常症（高脂血症）の予防と治療を説明できる。,D-12-04-06-02,
,,,,,,,,,,,,,,,血清タンパク質の異常を概説できる。,D-12-04-07-01,
,,,,,,,,,,,,,,,高尿酸血症・痛風の病因と病態を説明できる。,D-12-04-07-02,
,,,,,,,,,,,,,,,ビタミン・微量元素の欠乏症と過剰症を概説できる。,D-12-04-08-01,
,,,,,,,,,,,,,,,ヘモクロマトーシスを概説できる。,D-12-04-09-01,
,,,,,,,,,,,,,,,ポルフィリアを概説できる。,D-12-04-09-02,
,,,,,,,,,,,,,,,Wilson病を概説できる。,D-12-04-09-03,
,,,,,,,,,,,,,,,甲状腺腫瘍を分類し、症候、病理所見、治療法を説明できる。,D-12-04-10-01,
,,,,,,,,,,,,,,,褐色細胞腫の病態、症候、画像所見、病理所見、診断、治療法を説明できる。,D-12-04-10-02,
,,,,,,,,,,,,,,,神経芽腫を概説し、小児腹部固形腫瘍（腎芽腫、胚芽腫、奇形腫）との鑑別点を説明できる。,D-12-04-10-03,
,,,,,,,,,,,,,,,眼球と付属器の構造と機能を説明できる。,D-13-01-na-01,
,,,,,,,,,,,,,,,視覚情報の受容のしくみと伝導路を説明できる。,D-13-01-na-02,
,,,,,,,,,,,,,,,眼球運動のしくみを説明できる。,D-13-01-na-03,
,,,,,,,,,,,,,,,対光反射、輻輳反射、角膜反射の機能を説明できる。,D-13-01-na-04,
,,,,,,,,,,,,,,,基本的眼科検査（視力検査、視野検査、細隙灯顕微鏡検査、眼圧検査、眼底検査）を列挙し、それらの原理と適応を述べ、主要所見を解釈できる。,D-13-02-na-01,
,,,,,,,,,,,,,,,眼・視覚系に関する主要症候（視力障害、視野異常、色覚異常、眼球運動障害、眼脂・眼の充血、飛蚊症、眼痛）を列挙し、それらの発生機序、原因疾患と治療を説明できる。,D-13-03-01-01,
,,,,,,,,,,,,,,,めまい,D-13-03-02-01,
,,,,,,,,,,,,,,,頭痛・頭重感,D-13-03-02-02,
,,,,,,,,,,,,,,,悪心・嘔吐,D-13-03-02-03,
,,,,,,,,,,,,,,,屈折異常（近視、遠視、乱視）と調節障害の病態生理を説明できる。,D-13-04-01-01,
,,,,,,,,,,,,,,,感染性角結膜疾患の症候、診断と治療を説明できる。,D-13-04-01-02,
,,,,,,,,,,,,,,,白内障の病因、症候、診断と治療を説明できる。,D-13-04-01-03,
,,,,,,,,,,,,,,,緑内障の病因を列挙し、それらの発症機序、症候と治療を説明できる。,D-13-04-01-04,
,,,,,,,,,,,,,,,裂孔原性網膜剥離の症候、診断と治療を説明できる。,D-13-04-01-05,
,,,,,,,,,,,,,,,糖尿病、高血圧・動脈硬化による眼底変化を説明できる。,D-13-04-01-06,
,,,,,,,,,,,,,,,ぶどう膜炎の病因、症候、診断と治療を説明できる。,D-13-04-01-07,
,,,,,,,,,,,,,,,視神経炎(症)・うっ血乳頭の病因、症候と診断を説明できる。,D-13-04-01-08,
,,,,,,,,,,,,,,,アルカリ、酸による化学損傷の症候と救急処置を説明できる。,D-13-04-01-09,
,,,,,,,,,,,,,,,網膜静脈閉塞症と動脈閉塞症の症候、診断と治療を説明できる。,D-13-04-01-10,
,,,,,,,,,,,,,,,網膜芽細胞腫の症候、診断と治療を説明できる。,D-13-04-02-01,
,,,,,,,,,,,,,,,外耳・中耳・内耳の構造を図示できる。,D-14-01-na-01,
,,,,,,,,,,,,,,,聴覚・平衡覚の受容のしくみと伝導路を説明できる。,D-14-01-na-02,
,,,,,,,,,,,,,,,口腔・鼻腔・咽頭・喉頭の構造を図示できる。,D-14-01-na-03,
,,,,,,,,,,,,,,,喉頭の機能と神経支配を説明できる。,D-14-01-na-04,
,,,,,,,,,,,,,,,平衡感覚機構を眼球運動、姿勢制御と関連させて説明できる。,D-14-01-na-05,
,,,,,,,,,,,,,,,味覚と嗅覚の受容のしくみと伝導路を説明できる。,D-14-01-na-06,
,,,,,,,,,,,,,,,聴力検査と平衡機能検査を説明できる。,D-14-02-na-01,
,,,,,,,,,,,,,,,味覚検査と嗅覚検査を説明できる。,D-14-02-na-02,
,,,,,,,,,,,,,,,気道狭窄、難聴、鼻出血、咽頭痛、開口障害と反回神経麻痺（嗄声）をきたす疾患を列挙し、その病態を説明できる。,D-14-03-01-01,
,,,,,,,,,,,,,,,めまい,D-14-03-02-01,
,,,,,,,,,,,,,,,嚥下障害・誤嚥,D-14-03-02-02,
,,,,,,,,,,,,,,,滲出性中耳炎、急性中耳炎と慢性中耳炎の病因、診断と治療を説明できる。,D-14-04-01-01,
,,,,,,,,,,,,,,,伝音難聴と感音難聴、迷路性と中枢性難聴を病態から鑑別し、治療を説明できる。,D-14-04-01-02,
,,,,,,,,,,,,,,,末梢性めまいと中枢性めまいを鑑別し、治療を説明できる。,D-14-04-01-03,
,,,,,,,,,,,,,,,良性発作性頭位眩暈症の症候、診断と治療を説明できる。,D-14-04-01-04,
,,,,,,,,,,,,,,,鼻出血の好発部位と止血法を説明できる。,D-14-04-01-05,
,,,,,,,,,,,,,,,副鼻腔炎（急性、慢性）の病態と治療を説明できる。,D-14-04-01-06,
,,,,,,,,,,,,,,,アレルギー性鼻炎の発症機構を説明できる。,D-14-04-01-07,
,,,,,,,,,,,,,,,扁桃の炎症性疾患の病態と治療を説明できる。,D-14-04-01-08,
,,,,,,,,,,,,,,,歯科疾患（う蝕、歯周病等）とその全身への影響や口腔機能管理を概説できる。,D-14-04-01-09,
,,,,,,,,,,,,,,,気管切開の適応を説明できる。,D-14-04-01-10,
,,,,,,,,,,,,,,,外耳道・鼻腔・咽頭・喉頭・食道の代表的な異物を説明し、除去法を説明できる。,D-14-04-01-11,
,,,,,,,,,,,,,,,唾液腺疾患を列挙できる。,D-14-04-01-12,
,,,,,,,,,,,,,,,口腔・咽頭癌について、病因、病期分類、検査所見、画像所見、病理所見、治療法を説明できる。,D-14-04-02-01,
,,,,,,,,,,,,,,,喉頭癌について、病因、病期分類、検査所見、画像所見、病理所見、治療法を説明できる。,D-14-04-02-02,
,,,,,,,,,,,,,,,患者-医師の良好な信頼関係に基づく精神科面接の基本を説明できる。,D-15-01-na-01,
,,,,,,,,,,,,,,,精神科診断分類法を説明できる。,D-15-01-na-02,
,,,,,,,,,,,,,,,精神科医療の法と倫理に関する必須項目（精神保健及び精神障害者福祉に関する法律、心神喪失者等医療観察法、インフォームド・コンセント）を説明できる。,D-15-01-na-03,
,,,,,,,,,,,,,,,コンサルテーション・リエゾン精神医学を説明できる。,D-15-01-na-04,
,,,,,,,,,,,,,,,心理学的検査法（質問紙法、Rorschachテスト、簡易精神症状評価尺度(Brief Psychiatric Rating Scale <BPRS>)、Hamiltonうつ病評価尺度、Beckのうつ病自己評価尺度、状態特性不安検査(State-Trait Anxiety Inventory <STAI>)、Mini-Mental State Examination <MMSE>、改訂長谷川式簡易知能評価スケール等）の種類と概要を説明できる。,D-15-01-na-05,
,,,,,,,,,,,,,,,不安・躁うつをきたす精神障害を列挙し、その鑑別診断を説明できる。,D-15-02-na-01,
,,,,,,,,,,,,,,,意識障害、不眠、幻覚・妄想をきたす精神障害を列挙し、その鑑別診断を説明できる。,D-15-02-na-02,
,,,,,,,,,,,,,,,ストレスなどの心理社会的要因が症候（息苦しさ、心窩部痛、腹痛、頭痛、疲労、痒み、慢性疼痛等）に密接に関与している代表的な疾患を列挙し、その鑑別診断を説明できる。,D-15-02-na-03,
,,,,,,,,,,,,,,,症状精神病の概念と診断を概説できる。,D-15-03-na-01,
,,,,,,,,,,,,,,,認知症の診断と治療を説明できる。,D-15-03-na-02,
,,,,,,,,,,,,,,,薬物使用に関連する精神障害やアルコール、ギャンブル等への依存症の病態と症候を説明できる。,D-15-03-na-03,
,,,,,,,,,,,,,,,統合失調症の症候と診断、救急治療を説明できる。,D-15-03-na-04,
,,,,,,,,,,,,,,,うつ病の症候と診断を説明できる。,D-15-03-na-05,
,,,,,,,,,,,,,,,双極性障害（躁うつ病）の症候と診断を説明できる。,D-15-03-na-06,
,,,,,,,,,,,,,,,不安障害群と心的外傷及びストレス因関連障害群の症候と診断を説明できる。,D-15-03-na-07,
,,,,,,,,,,,,,,,身体症状症及び関連症群、食行動障害及び摂食障害群の症候と診断を説明できる。,D-15-03-na-08,
,,,,,,,,,,,,,,,解離性障害群の症候、診断と治療を説明できる。,D-15-03-na-09,
,,,,,,,,,,,,,,,パーソナリティ障害群を概説できる。,D-15-03-na-10,
,,,,,,,,,,,,,,,知的能力障害群と自閉症スペクトラム障害(autism spectrum disorder <ASD>)を概説できる。,D-15-03-na-11,
,,,,,,,,,,,,,,,注意欠如・多動障害(attention deficit / hyperactivity disorder <ADHD>)と運動障害群を概説できる。,D-15-03-na-12,
,,,,,,,,,,,,,,,集団遺伝学の基礎としてHardy-Weinbergの法則を概説できる。,E-01-01-na-01,
,,,,,,,,,,,,,,,家系図を作成、評価（Bayesの定理、リスク評価）できる。,E-01-01-na-02,
,,,,,,,,,,,,,,,生殖細胞系列変異と体細胞変異の違いを説明でき、遺伝学的検査の目的と意義を概説できる。,E-01-01-na-03,
,,,,,,,,,,,,,,,遺伝情報の特性（不変性、予見性、共有性）を説明できる。,E-01-01-na-04,
,,,,,,,,,,,,,,,遺伝カウンセリングの意義と方法を説明できる。,E-01-01-na-05,
,,,,,,,,,,,,,,,遺伝医療における倫理的・法的・社会的配慮を説明できる。,E-01-01-na-06,
,,,,,,,,,,,,,,,遺伝医学関連情報にアクセスすることができる。,E-01-01-na-07,
,,,,,,,,,,,,,,,遺伝情報に基づく治療や予防をはじめとする適切な対処法を概説できる。,E-01-01-na-08,
,,,,,,,,,,,,,,,敗血症の症候と診断と治療を説明できる。,E-02-01-na-01,
,,,,,,,,,,,,,,,市中感染症と院内（病院）感染症を説明できる。,E-02-01-na-02,
,,,,,,,,,,,,,,,医療器具関連感染症（血管留置カテーテル、尿道カテーテル、人工呼吸器）、術後感染症、手術部位感染症、を説明できる。,E-02-01-na-03,
,,,,,,,,,,,,,,,薬剤耐性(antimicrobial resistance <AMR>)、菌交代現象・菌交代症、薬剤耐性菌（Methicillin-resistant Staphylococcus aureus <MRSA>、バンコマイシン耐性腸球菌(vancomycin-resistant Enterococci <VRE>)、基質特異性拡張型βラクタマーゼ(extended spectrum beta-lactamase <ESBL>)産生Gram陰性桿菌、多剤耐性アシネトバクター属菌、カルバペネム耐性腸内細菌科細菌等）を概説できる。,E-02-01-na-04,
,,,,,,,,,,,,,,,コロナイゼーションと感染症発症の違いを説明できる。,E-02-01-na-05,
,,,,,,,,,,,,,,,コンプロマイズドホストと日和見感染症を説明できる。,E-02-01-na-06,
,,,,,,,,,,,,,,,新興・再興感染症（中東呼吸器症候群(Middle East respiratory syndrome <MERS>)、ジカ熱、劇症型A群レンサ球菌感染症等）、人獣共通感染症、バイオテロに関連する感染症を列挙できる。,E-02-01-na-07,
,,,,,,,,,,,,,,,各病原微生物、各感染臓器の診断の手がかりとなる病歴と身体所見を説明できる。,E-02-02-na-01,
,,,,,,,,,,,,,,,ウイルス感染症診断における抗原検査、核酸増幅検査、血清抗体検査を説明できる。,E-02-02-na-02,
,,,,,,,,,,,,,,,細菌感染症診断における直接塗抹、Gram染色、培養検査、抗原検査、核酸増幅検査、毒素検出検査、血清抗体検査を説明できる,E-02-02-na-03,
,,,,,,,,,,,,,,,真菌感染症診断における直接塗抹、培養検査、抗原検査、核酸増幅検査を説明できる。,E-02-02-na-04,
,,,,,,,,,,,,,,,病原微生物及び感染臓器ごとの適切な抗微生物薬を説明できる。,E-02-02-na-05,
,,,,,,,,,,,,,,,抗菌薬適正使用(antimicrobial stewardship <AMS>)を説明できる。,E-02-02-na-06,
,,,,,,,,,,,,,,,予防接種について、適応と意義、種類とそれぞれの投与方法を説明できる。,E-02-02-na-07,
,,,,,,,,,,,,,,,感染症法を概説できる。,E-02-02-na-08,
,,,,,,,,,,,,,,,ショック,E-02-03-na-01,
,,,,,,,,,,,,,,,発熱,E-02-03-na-02,
,,,,,,,,,,,,,,,けいれん,E-02-03-na-03,
,,,,,,,,,,,,,,,意識障害・失神,E-02-03-na-04,
,,,,,,,,,,,,,,,脱水,E-02-03-na-05,
,,,,,,,,,,,,,,,全身倦怠感,E-02-03-na-06,
,,,,,,,,,,,,,,,黄疸,E-02-03-na-07,
,,,,,,,,,,,,,,,発疹,E-02-03-na-08,
,,,,,,,,,,,,,,,リンパ節腫脹,E-02-03-na-09,
,,,,,,,,,,,,,,,浮腫,E-02-03-na-10,
,,,,,,,,,,,,,,,胸水,E-02-03-na-11,
,,,,,,,,,,,,,,,胸痛・胸部圧迫感,E-02-03-na-12,
,,,,,,,,,,,,,,,呼吸困難・息切れ,E-02-03-na-13,
,,,,,,,,,,,,,,,咳・痰,E-02-03-na-14,
,,,,,,,,,,,,,,,血痰・喀血,E-02-03-na-15,
,,,,,,,,,,,,,,,頭痛・頭重感,E-02-03-na-16,
,,,,,,,,,,,,,,,腹痛,E-02-03-na-17,
,,,,,,,,,,,,,,,悪心、嘔吐,E-02-03-na-18,
,,,,,,,,,,,,,,,便秘・下痢・血便,E-02-03-na-19,
,,,,,,,,,,,,,,,吐血・下血,E-02-03-na-20,
,,,,,,,,,,,,,,,血尿・タンパク尿,E-02-03-na-21,
,,,,,,,,,,,,,,,㉒関節痛、関節腫脹,E-02-03-na-22,
,,,,,,,,,,,,,,,㉓腰背部痛,E-02-03-na-23,
,,,,,,,,,,,,,,,インフルエンザの症候と診断と治療を説明できる。,E-02-04-01-01,
,,,,,,,,,,,,,,,麻疹の症候と診断と合併症及び予防法を説明できる。,E-02-04-01-02,
,,,,,,,,,,,,,,,風疹の症候と診断と合併症及び予防法を説明できる。,E-02-04-01-03,
,,,,,,,,,,,,,,,水痘・帯状疱疹の症候と診断と治療及び予防法を説明できる。,E-02-04-01-04,
,,,,,,,,,,,,,,,流行性耳下腺炎（ムンプス）の症候と診断と合併症及び予防法を説明できる。,E-02-04-01-05,
,,,,,,,,,,,,,,,ヒト免疫不全ウイルス<HIV>感染症の症候と診断と治療及び感染対策を説明できる。,E-02-04-01-06,
,,,,,,,,,,,,,,,単純ヘルペスウイルス感染症、伝染性紅斑、手足口病、突発性発疹、咽頭結膜熱、伝染性単核(球)症を説明できる。,E-02-04-01-07,
,,,,,,,,,,,,,,,サイトメガロウイルス<CMV>感染症を説明できる。,E-02-04-01-08,
,,,,,,,,,,,,,,,ヒトT細胞白血病ウイルス(human T-cell leukemia virus type 1 <HTLV-I>)感染症を説明できる。,E-02-04-01-09,
,,,,,,,,,,,,,,,プリオン病を説明できる。,E-02-04-01-10,
,,,,,,,,,,,,,,,黄色ブドウ球菌感染症の症候と診断と治療を説明できる。,E-02-04-02-01,
,,,,,,,,,,,,,,,A群β溶血性レンサ球菌感染症の症候と診断と治療を説明できる。,E-02-04-02-02,
,,,,,,,,,,,,,,,肺炎球菌感染症の症候と診断と治療と予防法を説明できる。,E-02-04-02-03,
,,,,,,,,,,,,,,,インフルエンザ(桿)菌感染症とMoraxella catarrhalis感染症を説明できる。,E-02-04-02-04,
,,,,,,,,,,,,,,,緑膿菌感染症の症候と診断と治療を説明できる。,E-02-04-02-05,
,,,,,,,,,,,,,,,大腸菌感染症の症候と診断と治療を説明できる。,E-02-04-02-06,
,,,,,,,,,,,,,,,Clostridium difficile感染症の症候と診断と治療を説明できる。,E-02-04-02-07,
,,,,,,,,,,,,,,,結核症、非結核性（非定型）抗酸菌症の症候と診断と治療及び予防法を説明できる。,E-02-04-02-08,
,,,,,,,,,,,,,,,マイコプラズマ感染症を説明できる。,E-02-04-02-09,
,,,,,,,,,,,,,,,クラミジア感染症を説明できる。,E-02-04-02-10,
,,,,,,,,,,,,,,,レジオネラ感染症を説明できる。,E-02-04-02-11,
,,,,,,,,,,,,,,,リケッチア感染症を説明できる。,E-02-04-02-12,
,,,,,,,,,,,,,,,カンピロバクター、サルモネラ、リステリア感染症を説明できる。,E-02-04-02-13,
,,,,,,,,,,,,,,,カンジダ症、クリプトコックス症、アスペルギルス症の症候と診断と治療を説明できる。,E-02-04-03-01,
,,,,,,,,,,,,,,,ニューモシスチス肺炎の症候と診断と治療を説明できる。,E-02-04-03-02,
,,,,,,,,,,,,,,,主な寄生虫感染症（回虫症、アニサキス症、吸虫症）を説明できる。,E-02-04-03-03,
,,,,,,,,,,,,,,,主な原虫感染症（マラリア、トキソプラズマ症、アメーバ赤痢）を説明できる。,E-02-04-03-04,
,,,,,,,,,,,,,,,性感染症の原因微生物を説明できる,E-02-04-04-01,
,,,,,,,,,,,,,,,梅毒の症候と診断と治療を説明できる。,E-02-04-04-02,
,,,,,,,,,,,,,,,淋菌感染症の診断と治療を説明できる。,E-02-04-04-03,
,,,,,,,,,,,,,,,性器クラミジア、性器ヘルペス、尖圭コンジローマの診断と治療を説明できる。,E-02-04-04-04,
,,,,,,,,,,,,,,,標準予防策(standard precautions)、感染経路別予防策（飛沫感染予防策、接触感染予防策や空気感染予防策等）が必要となる病原微生物を説明できる。,E-02-04-05-01,
,,,,,,,,,,,,,,,患者から医療従事者への病原微生物曝露を防ぐための個人防護具、予防接種等を概説できる。,E-02-04-05-02,
,,,,,,,,,,,,,,,医療従事者の体液曝露後の感染予防策を概説できる。,E-02-04-05-03,
,,,,,,,,,,,,,,,腫瘍の定義と病態を説明できる。,E-03-01-na-01,
,,,,,,,,,,,,,,,腫瘍の症候を説明できる,E-03-01-na-02,
,,,,,,,,,,,,,,,腫瘍のグレード、ステージを概説できる,E-03-01-na-03,
,,,,,,,,,,,,,,,腫瘍の検査所見を説明できる。,E-03-02-na-01,
,,,,,,,,,,,,,,,腫瘍の画像所見や診断を説明できる。,E-03-02-na-02,
,,,,,,,,,,,,,,,腫瘍の病理所見や診断を説明できる。,E-03-02-na-03,
,,,,,,,,,,,,,,,腫瘍の集学的治療を概説できる。,E-03-03-na-01,
,,,,,,,,,,,,,,,腫瘍の手術療法を概説できる。,E-03-03-na-02,
,,,,,,,,,,,,,,,腫瘍の放射線療法を概説できる。,E-03-03-na-03,
,,,,,,,,,,,,,,,腫瘍の薬物療法（殺細胞性抗癌薬、分子標的薬、免疫チェックポイント阻害薬）を概説できる。,E-03-03-na-04,
,,,,,,,,,,,,,,,腫瘍の生物学的療法を概説できる。,E-03-03-na-05,
,,,,,,,,,,,,,,,腫瘍における支持療法を概説できる。,E-03-03-na-06,
,,,,,,,,,,,,,,,腫瘍における緩和ケアを概説できる。,E-03-03-na-07,
,,,,,,,,,,,,,,,腫瘍の診療におけるチーム医療を概説できる。,E-03-04-na-01,
,,,,,,,,,,,,,,,腫瘍の診療における生命倫理（バイオエシックス）を概説できる。,E-03-04-na-02,
,,,,,,,,,,,,,,,腫瘍性疾患をもつ患者の置かれている状況を深く認識できる。,E-03-04-na-03,
,,,,,,,,,,,,,,,血液・造血器・リンパ系：急性白血病、慢性骨髄性白血病、骨髄異形成症候群<MDS>、成人T細胞白血病、真正赤血球増加症、本態性血小板血症、骨髄線維症、悪性リンパ腫、多発性骨髄腫,E-03-05-na-01,
,,,,,,,,,,,,,,,神経系：脳・脊髄腫瘍、転移性脳腫瘍,E-03-05-na-02,
,,,,,,,,,,,,,,,皮膚系：皮膚良性腫瘍、皮膚悪性リンパ腫、血管肉腫、基底細胞上皮腫(癌)、扁平上皮癌、悪性黒色腫,E-03-05-na-03,
,,,,,,,,,,,,,,,運動器（筋骨格系）：転移性脊椎腫瘍、骨肉腫,E-03-05-na-04,
,,,,,,,,,,,,,,,循環器系：粘液腫,E-03-05-na-05,
,,,,,,,,,,,,,,,呼吸器系：肺癌、転移性肺腫瘍、縦隔腫瘍、胸膜中皮腫,E-03-05-na-06,
,,,,,,,,,,,,,,,消化器系：食道癌、胃癌、大腸ポリープ、大腸癌、胆嚢・胆管癌、原発性肝癌、膵内分泌腫瘍、嚢胞性膵腫瘍、膵癌,E-03-05-na-07,
,,,,,,,,,,,,,,,腎・尿路系：腎癌、膀胱癌を含む尿路上皮癌,E-03-05-na-08,
,,,,,,,,,,,,,,,生殖機能：前立腺癌、精巣腫瘍、子宮頸癌、子宮体癌（子宮内膜癌）、卵巣腫瘍（卵巣癌、卵巣嚢腫）、絨毛性疾患（胞状奇胎、絨毛癌）,E-03-05-na-09,
,,,,,,,,,,,,,,,乳房：原発性乳癌,E-03-05-na-10,
,,,,,,,,,,,,,,,内分泌・栄養・代謝系：甲状腺腫瘍（腺腫様甲状腺腫、甲状腺癌）、褐色細胞腫,E-03-05-na-11,
,,,,,,,,,,,,,,,眼・視覚系：網膜芽細胞腫,E-03-05-na-12,
,,,,,,,,,,,,,,,耳鼻・咽喉・口腔系：舌癌、咽頭癌、喉頭癌,E-03-05-na-13,
,,,,,,,,,,,,,,,小児腫瘍：神経芽腫,E-03-05-na-14,
,,,,,,,,,,,,,,,自己抗体の種類と臨床的意義を説明できる。,E-04-01-na-01,
,,,,,,,,,,,,,,,ショック,E-04-02-na-01,
,,,,,,,,,,,,,,,発熱,E-04-02-na-02,
,,,,,,,,,,,,,,,全身倦怠感,E-04-02-na-03,
,,,,,,,,,,,,,,,発疹,E-04-02-na-04,
,,,,,,,,,,,,,,,貧血,E-04-02-na-05,
,,,,,,,,,,,,,,,リンパ節腫脹,E-04-02-na-06,
,,,,,,,,,,,,,,,浮腫,E-04-02-na-07,
,,,,,,,,,,,,,,,呼吸困難・息切れ,E-04-02-na-08,
,,,,,,,,,,,,,,,咳・痰,E-04-02-na-09,
,,,,,,,,,,,,,,,血尿・タンパク尿,E-04-02-na-10,
,,,,,,,,,,,,,,,関節痛・関節腫脹,E-04-02-na-11,
,,,,,,,,,,,,,,,膠原病と自己免疫疾患を概説し、その種類を列挙できる。,E-04-03-01-01,
,,,,,,,,,,,,,,,関節炎をきたす疾患を列挙できる。,E-04-03-01-02,
,,,,,,,,,,,,,,,膠原病に特徴的な皮疹を説明し、関連する疾患を列挙できる。,E-04-03-01-03,
,,,,,,,,,,,,,,,関節リウマチの病態生理、症候、診断、治療とリハビリテーションを説明できる。,E-04-03-02-01,
,,,,,,,,,,,,,,,関節リウマチの関節外症状を説明できる。,E-04-03-02-02,
,,,,,,,,,,,,,,,成人Still病の症候、診断と治療を説明できる。,E-04-03-02-03,
,,,,,,,,,,,,,,,若年性特発性関節炎(juvenile idiopathic arthritis <JIA>)の特徴を説明できる。,E-04-03-02-04,
,,,,,,,,,,,,,,,全身性エリテマトーデス<SLE>の病態生理、症候、診断と治療を説明できる。,E-04-03-03-01,
,,,,,,,,,,,,,,,全身性エリテマトーデス<SLE>の合併症（神経精神全身性エリテマトーデス、ループス腎炎）を説明できる。,E-04-03-03-02,
,,,,,,,,,,,,,,,抗リン脂質抗体症候群の病態生理、症候、診断と治療を説明できる。,E-04-03-03-03,
,,,,,,,,,,,,,,,全身性強皮症の病態生理、分類、症候、診断及び臓器病変（特に肺・腎）を説明できる。,E-04-03-04-01,
,,,,,,,,,,,,,,,皮膚筋炎・多発性筋炎の症候、診断、治療及び合併症（間質性肺炎、悪性腫瘍）を説明できる。,E-04-03-04-02,
,,,,,,,,,,,,,,,混合性結合組織病を概説できる。,E-04-03-04-03,
,,,,,,,,,,,,,,,Sjögren症候群を概説できる。,E-04-03-04-04,
,,,,,,,,,,,,,,,全身性血管炎を分類/列挙し、その病態生理、症候、診断と治療を説明できる。,E-04-03-05-01,
,,,,,,,,,,,,,,,Behçet病の症候、診断と治療を説明できる。,E-04-03-05-02,
,,,,,,,,,,,,,,,Kawasaki病（急性熱性皮膚粘膜リンパ節症候群）の病態生理、症候、診断と治療を説明できる。,E-04-03-05-03,
,,,,,,,,,,,,,,,主要な全身性アレルギー性疾患の分類と特徴を概説できる。,E-04-03-06-01,
,,,,,,,,,,,,,,,アナフィラキシーの症候、診断と治療を説明できる。,E-04-03-06-02,
,,,,,,,,,,,,,,,食物アレルギーの種類、診断と治療を概説できる。,E-04-03-06-03,
,,,,,,,,,,,,,,,原発性免疫不全症の病態、診断と治療を概説できる。,E-04-03-07-01,
,,,,,,,,,,,,,,,中毒患者の検査と起因物質の分析を概説できる。,E-05-01-na-01,
,,,,,,,,,,,,,,,ショック,E-05-02-na-01,
,,,,,,,,,,,,,,,発熱,E-05-02-na-02,
,,,,,,,,,,,,,,,意識障害・失神,E-05-02-na-03,
,,,,,,,,,,,,,,,脱水,E-05-02-na-04,
,,,,,,,,,,,,,,,黄疸,E-05-02-na-05,
,,,,,,,,,,,,,,,発疹,E-05-02-na-06,
,,,,,,,,,,,,,,,貧血,E-05-02-na-07,
,,,,,,,,,,,,,,,呼吸困難・息切れ,E-05-02-na-08,
,,,,,,,,,,,,,,,運動麻痺・筋力低下,E-05-02-na-09,
,,,,,,,,,,,,,,,腹痛,E-05-02-na-10,
,,,,,,,,,,,,,,,悪心・嘔吐,E-05-02-na-11,
,,,,,,,,,,,,,,,便秘・下痢・血便,E-05-02-na-12,
,,,,,,,,,,,,,,,吐血・下血,E-05-02-na-13,
,,,,,,,,,,,,,,,尿量・排尿の異常,E-05-02-na-14,
,,,,,,,,,,,,,,,食中毒の病因、症候と予防法を説明できる。,E-05-03-01-01,
,,,,,,,,,,,,,,,一酸化炭素中毒の発生機序、症候、診断と治療法を説明できる。,E-05-03-01-02,
,,,,,,,,,,,,,,,有機リン剤、有機塩素剤と有機溶剤による中毒の機序、診断と治療を説明できる。,E-05-03-01-03,
,,,,,,,,,,,,,,,重金属、青酸、ヒ素、パラコート、自然毒による中毒を概説できる。,E-05-03-01-04,
,,,,,,,,,,,,,,,アルコール、覚醒剤・麻薬・大麻などの乱用薬物による中毒を説明できる。,E-05-03-01-05,
,,,,,,,,,,,,,,,医薬品による中毒を説明できる。,E-05-03-01-06,
,,,,,,,,,,,,,,,高温による障害（熱中症）を説明できる。,E-05-03-02-01,
,,,,,,,,,,,,,,,寒冷による障害を説明できる。,E-05-03-02-02,
,,,,,,,,,,,,,,,振動障害と騒音障害を説明できる。,E-05-03-02-03,
,,,,,,,,,,,,,,,気圧による障害の原因や対処を説明できる。,E-05-03-02-04,
,,,,,,,,,,,,,,,熱傷面積（９の法則）と深(達)度から熱傷の重症度を説明できる。,E-05-03-03-01,
,,,,,,,,,,,,,,,熱傷の治療方針を概説できる。,E-05-03-03-02,
,,,,,,,,,,,,,,,放射線の種類と放射能、これらの性質・定量法・単位を説明できる。,E-06-01-na-01,
,,,,,,,,,,,,,,,内部被ばくと外部被ばくについて、線量評価やその病態、症候、診断と治療を説明できる。,E-06-01-na-02,
,,,,,,,,,,,,,,,放射線及び電磁波の人体（胎児を含む）への影響（急性影響と晩発影響）を説明できる。,E-06-01-na-03,
,,,,,,,,,,,,,,,種々の正常組織の放射線の透過性や放射線感受性の違いを説明できる。,E-06-01-na-04,
,,,,,,,,,,,,,,,磁気共鳴画像法<MRI>で用いられている磁場や電磁波による人体や植え込みデバイスの発熱等の現象を概説できる。,E-06-01-na-05,
,,,,,,,,,,,,,,,放射線の遺伝子、細胞への作用と放射線による細胞死の機序、局所的・全身的影響を説明できる。,E-06-01-na-06,
,,,,,,,,,,,,,,,放射線被ばく低減の３原則と安全管理を説明できる。,E-06-01-na-07,
,,,,,,,,,,,,,,,放射線診断やインターベンショナルラジオロジーの被ばく軽減の原則を知り、それを実行できる。,E-06-02-na-01,
,,,,,,,,,,,,,,,放射線診断（エックス線撮影、コンピュータ断層撮影<CT>、核医学）や血管造影及びインターベンショナルラジオロジーの利益とコスト･リスク（被ばく線量、急性、晩発影響等）を知り、適応の有無を判断できる。,E-06-02-na-02,
,,,,,,,,,,,,,,,放射線治療の生物学的原理と、人体への急性影響と晩発影響を説明できる。,E-06-02-na-03,
,,,,,,,,,,,,,,,医療被ばくに関して、放射線防護と安全管理を説明できる。,E-06-02-na-04,
,,,,,,,,,,,,,,,放射線診断や治療の被ばくに関して、患者にわかりやすく説明できる。,E-06-02-na-05,
,,,,,,,,,,,,,,,患者と家族が感じる放射線特有の精神的・社会的苦痛に対して十分に配慮できる。,E-06-03-na-01,
,,,,,,,,,,,,,,,患者の漠然とした不安を受け止め、不安を軽減するためにわかりやすい言葉で説明でき、対話ができる。,E-06-03-na-02,
,,,,,,,,,,,,,,,内部被ばくと外部被ばくの病態、症候、線量評価、治療を説明できる。,E-06-04-na-01,
,,,,,,,,,,,,,,,放射線災害・原子力災害でのメンタルヘルスを説明できる。,E-06-04-na-02,
,,,,,,,,,,,,,,,胎児の循環・呼吸の生理的特徴と出生時の変化を説明できる。,E-07-01-na-01,
,,,,,,,,,,,,,,,主な先天性疾患を列挙できる。,E-07-01-na-02,
,,,,,,,,,,,,,,,新生児の生理的特徴を説明できる。,E-07-01-na-03,
,,,,,,,,,,,,,,,胎児機能不全(non-reassuring fetal status <NRFS>)を説明できる。,E-07-01-na-04,
,,,,,,,,,,,,,,,新生児仮死の病態を説明できる。,E-07-01-na-05,
,,,,,,,,,,,,,,,新生児マススクリーニングを説明できる。,E-07-01-na-06,
,,,,,,,,,,,,,,,新生児黄疸の鑑別と治療を説明できる。,E-07-01-na-07,
,,,,,,,,,,,,,,,新生児期の呼吸障害の病因を列挙できる。,E-07-01-na-08,
,,,,,,,,,,,,,,,正常児・低出生体重児・病児の管理の基本を説明できる。,E-07-01-na-09,
,,,,,,,,,,,,,,,低出生体重児固有の疾患を概説できる。,E-07-01-na-10,
,,,,,,,,,,,,,,,乳幼児の生理機能の発達を説明できる。,E-07-02-na-01,
,,,,,,,,,,,,,,,乳幼児の正常な精神運動発達を説明できる。,E-07-02-na-02,
,,,,,,,,,,,,,,,乳幼児の保育法・栄養法の基本を概説できる。,E-07-02-na-03,
,,,,,,,,,,,,,,,乳幼児突然死症候群(sudden infant death syndrome <SIDS>)を説明できる。,E-07-02-na-04,
,,,,,,,,,,,,,,,小児の精神運動発達及び心身相関を説明できる。,E-07-03-na-01,
,,,,,,,,,,,,,,,小児の栄養上の問題点を列挙できる。,E-07-03-na-02,
,,,,,,,,,,,,,,,小児免疫発達と感染症の関係を概説できる。,E-07-03-na-03,
,,,,,,,,,,,,,,,小児保健における予防接種の意義と内容を説明できる。,E-07-03-na-04,
,,,,,,,,,,,,,,,成長に関わる主な異常（小児心身症を含む）を列挙できる。,E-07-03-na-05,
,,,,,,,,,,,,,,,児童虐待を概説できる。,E-07-03-na-06,
,,,,,,,,,,,,,,,小児の診断法と治療法における特徴を概説できる。,E-07-03-na-07,
,,,,,,,,,,,,,,,神経発達障害群（自閉症スペクトラム障害<ASD>、注意欠如・多動障害<ADHD>、限局性学習障害、チック障害群）を列挙できる。,E-07-03-na-08,
,,,,,,,,,,,,,,,思春期発現の機序と性徴を説明できる。,E-07-04-na-01,
,,,,,,,,,,,,,,,思春期と関連した精神保健上の問題を列挙できる。,E-07-04-na-02,
,,,,,,,,,,,,,,,移行期医療の現状と課題を説明できる。,E-07-04-na-03,
,,,,,,,,,,,,,,,老化学説、老化制御、加齢に伴う臓器の構造的・機能的変化を説明でき、これによる予備能の低下等患者にもたらされる生理的変化を説明できる。,E-08-01-na-01,
,,,,,,,,,,,,,,,高齢者総合機能評価(comprehensive geriatric assessment <CGA>)を実施できる。,E-08-01-na-02,
,,,,,,,,,,,,,,,老年症候群（歩行障害・転倒、認知機能障害、排泄障害、栄養障害、摂食・嚥下障害等）の概念を説明できる。,E-08-01-na-03,
,,,,,,,,,,,,,,,フレイル、サルコペニア、ロコモティブ・シンドロームの概念、その対処法、予防が説明できる。,E-08-01-na-04,
,,,,,,,,,,,,,,,認知症、うつ、せん妄の違いを説明し、それぞれの鑑別、初期対応を実施できる。,E-08-01-na-05,
,,,,,,,,,,,,,,,歩行障害・転倒の評価、鑑別診断を行い、原因に応じた転倒予防・リハビリテーションを説明できる。,E-08-01-na-06,
,,,,,,,,,,,,,,,口腔機能低下、摂食・嚥下障害の評価、鑑別診断を行い、原因に応じた治療・リハビリテーション、予防を実施できる。,E-08-01-na-07,
,,,,,,,,,,,,,,,高齢者の栄養マネジメントを説明できる。,E-08-01-na-08,
,,,,,,,,,,,,,,,加齢に伴う薬物動態の変化、高齢者に対する薬物療法の注意点を説明でき、ポリファーマシーの是正等適切な介入が実施できる。,E-08-01-na-09,
,,,,,,,,,,,,,,,高齢者の障害及び廃用症候群を説明でき、それらに対するリハビリテーションを説明できる。,E-08-01-na-10,
,,,,,,,,,,,,,,,高齢者の退院支援と介護保険制度を説明できる。,E-08-01-na-11,
,,,,,,,,,,,,,,,高齢者の人生の最終段階における医療（エンド・オブ・ライフ・ケア）を説明できる。,E-08-01-na-12,
,,,,,,,,,,,,,,,死の概念と定義や生物学的な個体の死を説明できる。,E-09-01-na-01,
,,,,,,,,,,,,,,,植物状態と脳死の違いを説明できる。,E-09-01-na-02,
,,,,,,,,,,,,,,,内因死と外因死について違いと内容を説明できる。,E-09-01-na-03,
,,,,,,,,,,,,,,,突然死の定義を説明でき、突然死を来しうる疾患（乳幼児突然死症候群<SIDS>を含む）を列挙できる。,E-09-01-na-04,
,,,,,,,,,,,,,,,診療関連死を説明できる。,E-09-01-na-05,
,,,,,,,,,,,,,,,死に至る身体と心の過程を説明できる。その個別性にも共感配慮できる。,E-09-01-na-06,
,,,,,,,,,,,,,,,人生の最終段階における医療（エンド・オブ・ライフ・ケア）での患者とのコミュニケーション、頻度の高い苦痛とその対処法・ケアを説明できる。,E-09-01-na-07,
,,,,,,,,,,,,,,,水・補液、栄養管理を含む人生の最終段階における医療（エンド・オブ・ライフ・ケア）と小児の特殊性を説明できる。,E-09-01-na-08,
,,,,,,,,,,,,,,,人生の最終段階における医療（エンド・オブ・ライフ・ケア）での本人の意思決定、事前指示、延命治療、Do not attempt resuscitation <DNAR>、尊厳死と安楽死、治療の中止と差し控えの概念を説明できる。,E-09-01-na-09,
,,,,,,,,,,,,,,,患者の死後の家族ケア（悲嘆のケア（グリーフケア））を説明できる。,E-09-01-na-10,
,,,,,,,,,,,〇,input,input,,,,
,,,,,,,,,,,〇,input,input,,,,
,,,,,,,,,,,〇,output,output,,,,
,,,,,,,,,,,〇,"output - 全身麻酔, 局所麻酔, 輸血は分ける",output,,,,
,,,,,,,,,,,〇,総合に統合?(幅広い診療の場への参加),,,,,
,,,,,,,,,,,〇,input,input,,,,
,,,,,,,,,,,〇,input,input,,,,
,,,,,,,,,,,,,,,,,
,,,,,,,,,,,△,,,,,,
,,,,,,,,,,,〇,"output, integration","output, integration",,,,
,,,,,,,,,,,,,,,,,
,,,,,,,,,,,〇,"output, integration","output, integration",,,,
,,,,,,,,,,,〇,output,output,,,,
,,,,,,,,,,,〇,output,output,,,,
,,,,,,,,,,,〇,output,output,,,,
,,,,,,,,,,,〇,output - 不要,output,,,,
,,,,,,,,,,,〇,output - 分けるべき,output,,,,
,,,,,,,,,,,〇,integration,integration,,,,
,,,,,,,,,,,〇,output - 具体的に何のことか分からない,output,,,,
,,,,,,,,,,,,,,,,,
,,,,,,,,,,,,,,,,,
,,,,,,,,,,,,,,,,,
,,,,,,,,,,,,,,,,,
,,,,,,,,,,,,,,,,,
,,,,,,,,,,,,,,,,,
,,,,,,,,,,,,,,,,,
,,,,,,,,,,,〇,input,input,,,,
,,,,,,,,,,,〇,output,output,,,,
,,,,,,,,,,,〇,output - 医療安全に関連,output,,,,
,,,,,,,,,,,〇,input - 不要,input 不要,,,,
,,,,,,,,,,,〇,output - 不要,output,,,,
,,,,,,,,,,,〇,"output - ネブライザーは不要, 気道内吸引は研修医レベル",,,,,
,,,,,,,,,,,〇,output - 学生であればシミュレータレベルで可,output,,,,
,,,,,,,,,,,〇,output - 不要,output,,,,
,,,,,,,,,,,〇,input - 不要(心情的にはいれたいが・・・),input,,,,
,,,,,,,,,,,〇,input - 不要,input - 不要,,,,
,,,,,,,,,,,〇,input - 不要(身体診察としては必要だが),input,,,,
,,,,,,,,,,,〇,input - 不要,input,,,,
,,,,,,,,,,,〇,input - 重複項目あり統合する,input　重複,,,,
,,,,,,,,,,,〇,"input - 心臓と腹部は分ける, レベルを明示する",input,,,,
,,,,,,,,,,,〇,input - 重複項目あり統合する,input 　重複,,,,
,,,,,,,,,,,,,,,,,
,,,,,,,,,,,,,,,,,
,,,,,,,,,,,,,,,,,
,,,,,,,,,,,,,,,,,
,,,,,,,,,,,,,,,,,
,,,,,,,,,,,,,,,,,
,,,,,,,,,,,〇,integration,integration,,,,
,,,,,,,,,,,〇,ouput,output,,,,
,,,,,,,,,,,〇,output - 状況を規定するのでEPA?,output,,,,
,,,,,,,,,,,〇,input,input,,,,
,,,,,,,,,,,〇,input,input,,,,
,,,,,,,,,,,〇,output,output,,,,
,,,,,,,,,,,〇,output - 学生であればシミュレータレベルで可,output かたやシミュレータでとあり,,,,
,,,,,,,,,,,〇,"output - 動脈血採血と動脈ラインの確保は分ける, いずれも介助",output,,,,
,,,,,,,,,,,〇,output - 不要,output,,,,
,,,,,,,,,,,〇,output - 介助,output,,,,
,,,,,,,,,,,〇,output - 介助,output,,,,
,,,,,,,,,,,〇,output - 不要,output,,,,
,,,,,,,,,,,〇,"output - 皮内, 皮下, 筋肉, 静脈内は分ける",output,,,,
,,,,,,,,,,,〇,input,input,,,,
,,,,,,,,,,,〇,output - 重複項目あり統合する,output 重複,,,,
,,,,,,,,,,,〇,output - 重複項目あり統合する,output 重複,,,,
,,,,,,,,,,,〇,output - 重複項目あり統合する,output 重複,,,,
,,,,,,,,,,,〇,ouput - シミュレータで可,output,,,,
,,,,,,,,,,,△,,,,,,
,,,,,,,,,,,,,,,,,
,,,,,,,,,,,,,,,,,
,,,,,,,,,,,〇,総合に統合?(幅広い診療の場への参加),,,,,
,,,,,,,,,,,〇,"input, integration","input, integration",,,,
,,,,,,,,,,,〇,input,input,,,,
,,,,,,,,,,,〇,"input, integration","input, integration",,,,
,,,,,,,,,,,〇,"output, integration","input, output, integration",,,,
,,,,,,,,,,,,,,,,,
,,,,,,,,,,,,,,,,,
,,,,,,,,,,,,,,,,,
,,,,,,,,,,,,,,,,,
,,,,,,,,,,,,,,,,,
,,,,,,,,,,,,,,,,,
,,,,,,,,,,,,,,,,,
,,,,,,,,,,,,,,,,,
,,,,,,,,,,,,,,,,,
,,,,,,,,,,,,,,,,,
,,,,,,,,,,,,,,,,,
,,,,,,,,,,,,,,,,,
,,,,,,,,,,,,,,,,,
,,,,,,,,,,,,,,,,,
,,,,,,,,,,,,,,,,,
,,,,,,,,,,,,,,,,,
,,,,,,,,,,,,,,,,,
,,,,,,,,,,,,,,,,,
,,,,,,,,,,,,,,,,,
,,,,,,,,,,,,,,,,,
,,,,,,,,,,,,,,,,,
,,,,,,,,,,,,,,,,,
,,,,,,,,,,,,,,,,,
,,,,,,,,,,,,,,,,,
,,,,,,,,,,,,,,,,,
,,,,,,,,,,,,,,,,,
,,,,,,,,,,,,,,,,,
,,,,,,,,,,,,,,,,,
,,,,,,,,,,,,,,,,,
,,,,,,,,,,,,,,,,,
,,,,,,,,,,,,,,,,,
,,,,,,,,,,,,,,,,,
,,,,,,,,,,,,,,,,,
,,,,,,,,,,,,,,,,,
,,,,,,,,,,,,,,,,,
,,,,,,,,,,,,,,,,,
,,,,,,,,,,,,,,,,,
,,,,,,,,,,,,,,,,,
,,,,,,,,,,,,,,,,,
,,,,,,,,,,,,,,,,,
,,,,,,,,,,,,,,,,,
,,,,,,,,,,,,,,,,,
,,,,,,,,,,,,,,,,,
,,,,,,,,,,,,,,,,,
,,,,,,,,,,,,,,,,,
,,,,,,,,,,,,,,,,,
,,,,,,,,,,,,,,,,,
,,,,,,,,,,,,,,,,,
,,,,,,,,,,,,,,,,,
,,,,,,,,,,,,,,,,,
,,,,,,,,,,,,,,,,,
,,,,,,,,,,,,,,,,,
,,,,,,,,,,,,,,,,,
,,,,,,,,,,,,,,,,,
,,,,,,,,,,,,,,,,,
,,,,,,,,,,,,,,,,,
,,,,,,,,,,,,,,,,,
,,,,,,,,,,,,,,,,,
,,,,,,,,,,,,,,,,,
,,,,,,,,,,,,,,,,,
,,,,,,,,,,,,,,,,,
,,,,,,,,,,,,,,,,,
,,,,,,,,,,,,,,,,,
,,,,,,,,,,,,,,,,,
,,,,,,,,,,,,,,,,,
,,,,,,,,,,,,,,,,,
,,,,,,,,,,,,,,,,,
,,,,,,,,,,,,,,,,,
,,,,,,,,,,,,,,,,,
,,,,,,,,,,,,,,,,,
,,,,,,,,,,,,,,,,,
,,,,,,,,,,,,,,,,,
,,,,,,,,,,,,,,,,,
,,,,,,,,,,,,,,,,,
,,,,,,,,,,,,,,,,,
,,,,,,,,,,,,,,,,,
,,,,,,,,,,,,,,,,,
,,,,,,,,,,,,,,,,,
,,,,,,,,,,,,,,,,,
,,,,,,,,,,,,,,,,,
,,,,,,,,,,,,,,,,,
,,,,,,,,,,,,,,,,,
,,,,,,,,,,,,,,,,,
,,,,,,,,,,,,,,,,,
,,,,,,,,,,,,,,,,,
,,,,,,,,,,,,,,,,,
,,,,,,,,,,,,,,,,,
,,,,,,,,,,,,,,,,,
,,,,,,,,,,,,,,,,,
,,,,,,,,,,,,,,,,,
,,,,,,,,,,,,,,,,,
,,,,,,,,,,,,,,,,,
,,,,,,,,,,,,,,,,,
,,,,,,,,,,,,,,,,,
,,,,,,,,,,,,,,,,,
,,,,,,,,,,,,,,,,,
,,,,,,,,,,,,,,,,,
,,,,,,,,,,,,,,,,,
,,,,,,,,,,,,,,,,,
,,,,,,,,,,,,,,,,,
,,,,,,,,,,,,,,,,,
,,,,,,,,,,,,,,,,,
,,,,,,,,,,,,,,,,,
,,,,,,,,,,,,,,,,,
,,,,,,,,,,,,,,,,,
,,,,,,,,,,,,,,,,,
,,,,,,,,,,,,,,,,,
,,,,,,,,,,,,,,,,,
,,,,,,,,,,,,,,,,,
,,,,,,,,,,,,,,,,,
,,,,,,,,,,,,,,,,,
,,,,,,,,,,,△,,,,,,
,,,,,,,,,,,△,,,,,,
,,,,,,,,,,,△,,,,,,
,,,,,,,,,,,△,,,,,,
,,,,,,,,,,,△,,,,,,
,,,,,,,,,,,△,,,,,,
,,,,,,,,,,,△,,,,,,
,,,,,,,,,,,,,,,,,
,,,,,,,,,,,,,,,,,
,,,,,,,,,,,△,,,,,,
,,,,,,,,,,,△,,,,,,
,,,,,,,,,,,△,,,,,,
,,,,,,,,,,,△,,,,,,
,,,,,,,,,,,△,,,,,,
,,,,,,,,,,,〇,input,input,,,,
,,,,,,,,,,,,,,,,,
,,,,,,,,,,,〇,ouput,output,,,,
,,,,,,,,,,,〇,ouput - シミュレーションできる,output,,,,
,,,,,,,,,,,〇,output,output,,,,
,,,,,,,,,,,〇,input,input,,,,
,,,,,,,,,,,〇,output,output,,,,
,,,,,,,,,,,〇,input,input,,,,
,,,,,,,,,,,〇,integration - BMI身長は不要で、栄養状態の評価は必要,,,,,
,,,,,,,,,,,〇,"input, 聴診法は不要",input,,,,
,,,,,,,,,,,〇,input,input,,,,
,,,,,,,,,,,〇,input,input,,,,
,,,,,,,,,,,〇,input,input,,,,
,,,,,,,,,,,〇,"input, 血圧測定で統合",input,,,,
,,,,,,,,,,,〇,input,input,,,,
,,,,,,,,,,,〇,input,input,,,,
,,,,,,,,,,,〇,input,input,,,,
,,,,,,,,,,,〇,input,input,,,,
,,,,,,,,,,,〇,input,input,,,,
,,,,,,,,,,,〇,"input - 不要, もしくは指を使った簡易聴力検査",input,,,,
,,,,,,,,,,,〇,input,input,,,,
,,,,,,,,,,,〇,input,input,,,,
,,,,,,,,,,,〇,input,input,,,,
,,,,,,,,,,,〇,input,input,,,,
,,,,,,,,,,,〇,input,input,,,,
,,,,,,,,,,,〇,input,input,,,,
,,,,,,,,,,,〇,input - 呼吸音のみで良いのでは?,input,,,,
,,,,,,,,,,,〇,input - 心音聴取のみでよいのでは,input,,,,
,,,,,,,,,,,〇,input,input,,,,
,,,,,,,,,,,〇,input,input,,,,
,,,,,,,,,,,〇,input,input,,,,
,,,,,,,,,,,〇,input - 上に統合して消去,input,,,,
,,,,,,,,,,,〇,input - 上に統合して消去,input,,,,
,,,,,,,,,,,〇,input - 上に統合して消去,input,,,,
,,,,,,,,,,,〇,input - 上に統合して消去,input,,,,
,,,,,,,,,,,〇,input,input,,,,
,,,,,,,,,,,〇,input,input,,,,
,,,,,,,,,,,〇,input - 眼底検査は分けて検討した方が良い,input,,,,
,,,,,,,,,,,〇,input,input,,,,
,,,,,,,,,,,〇,input,input,,,,
,,,,,,,,,,,〇,input,input,,,,
,,,,,,,,,,,〇,input,input,,,,
,,,,,,,,,,,〇,input - 四肢と脊柱は分けて検討した方が良い,input,,,,
,,,,,,,,,,,〇,input - 四肢に統合,input,,,,
,,,,,,,,,,,〇,input - 不要(心情的にはいれたいが・・・),input,,,,
,,,,,,,,,,,〇,input - 不要,input,,,,
,,,,,,,,,,,△,,,,,,
,,,,,,,,,,,,,,,,,
,,,,,,,,,,,,,,,,,
,,,,,,,,,,,,,,,,,
,,,,,,,,,,,,,,,,,
,,,,,,,,,,,,,,,,,
,,,,,,,,,,,,,,,,,
,,,,,,,,,,,,,,,,,
,,,,,,,,,,,,,,,,,
,,,,,,,,,,,,,,,,,
,,,,,,,,,,,,,,,,,
,,,,,,,,,,,,,,,,,
,,,,,,,,,,,,,,,,,
,,,,,,,,,,,,,,,,,
,,,,,,,,,,,,,,,,,
,,,,,,,,,,,,,,,,,
,,,,,,,,,,,,,,,,,
,,,,,,,,,,,,,,,,,
,,,,,,,,,,,,,,,,,
,,,,,,,,,,,,,,,,,
,,,,,,,,,,,,,,,,,
,,,,,,,,,,,,,,,,,
,,,,,,,,,,,,,,,,,
,,,,,,,,,,,,,,,,,
,,,,,,,,,,,,,,,,,
,,,,,,,,,,,,,,,,,
,,,,,,,,,,,,,,,,,
,,,,,,,,,,,,,,,,,
,,,,,,,,,,,,,,,,,
,,,,,,,,,,,,,,,,,
,,,,,,,,,,,,,,,,,
,,,,,,,,,,,,,,,,,
,,,,,,,,,,,,,,,,,
,,,,,,,,,,,,,,,,,
,,,,,,,,,,,△,,,,,,
,,,,,,,,,,,△,,,,,,
,,,,,,,,,,,,,,,,,
,,,,,,,,,,,,,,,,,
,,,,,,,,,,,,,,,,,
,,,,,,,,,,,,,,,,,
,,,,,,,,,,,△,,,,,,
,,,,,,,,,,,,,,,,,
,,,,,,,,,,,,,,,,,
,,,,,,,,,,,,,,,,,
,,,,,,,,,,,,,,,,,
,,,,,,,,,,,,,,,,,
,,,,,,,,,,,,,,,,,
,,,,,,,,,,,,,,,,,
,,,,,,,,,,,,,,,,,
,,,,,,,,,,,,,,,,,
,,,,,,,,,,,,,,,,,
,,,,,,,,,,,,,,,,,
,,,,,,,,,,,,,,,,,
,,,,,,,,,,,,,,,,,
,,,,,,,,,,,,,,,,,
,,,,,,,,,,,,,,,,,
,,,,,,,,,,,,,,,,,
,,,,,,,,,,,,,,,,,
,,,,,,,,,,,,,,,,,
,,,,,,,,,,,,,,,,,
,,,,,,,,,,,,,,,,,
,,,,,,,,,,,,,,,,,
,,,,,,,,,,,,,,,,,
,,,,,,,,,,,,,,,,,
,,,,,,,,,,,,,,,,,
,,,,,,,,,,,,,,,,,
,,,,,,,,,,,,,,,,,
,,,,,,,,,,,,,,,,,
,,,,,,,,,,,,,,,,,
,,,,,,,,,,,,,,,,,
,,,,,,,,,,,,,,,,,
,,,,,,,,,,,,,,,,,
,,,,,,,,,,,,,,,,,
,,,,,,,,,,,,,,,,,
,,,,,,,,,,,,,,,,,
,,,,,,,,,,,,,,,,,
,,,,,,,,,,,△,,,,,,
,,,,,,,,,,,,,,,,,
,,,,,,,,,,,,,,,,,
,,,,,,,,,,,,,,,,,
,,,,,,,,,,,,,,,,,
,,,,,,,,,,,,,,,,,
,,,,,,,,,,,,,,,,,
,,,,,,,,,,,,,,,,,
,,,,,,,,,,,,,,,,,
,,,,,,,,,,,,,,,,,
,,,,,,,,,,,,,,,,,
,,,,,,,,,,,,,,,,,
,,,,,,,,,,,,,,,,,
,,,,,,,,,,,,,,,,,
,,,,,,,,,,,,,,,,,
,,,,,,,,,,,,,,,,,
,,,,,,,,,,,△,,,,,,
,,,,,,,,,,,△,,,,,,
,,,,,,,,,,,△,,,,,,
,,,,,,,,,,,,,,,,,
,,,,,,,,,,,,,,,,,
,,,,,,,,,,,,,,,,,
,,,,,,,,,,,,,,,,,
,,,,,,,,,,,,,,,,,
,,,,,,,,,,,〇,input - 四肢に統合,input,,,,
,,,,,,,,,,,〇,output - 状況を規定するのでEPA?,output,,,,
,,,,,,,,,,,,,,,,,
,,,,,,,,,,,〇,input - 不要,input 不要,,,,
,,,,,,,,,,,〇,integration,integration,,,,
,,,,,,,,,,,,,,,,,
,,,,,,,,,,,,,,,,,
,,,,,,,,,,,,,,,,,
,,,,,,,,,,,,,,,,,
,,,,,,,,,,,,,,,,,
,,,,,,,,,,,,,,,,,
,,,,,,,,,,,,,,,,,
,,,,,,,,,,,,,,,,,
,,,,,,,,,,,,,,,,,
,,,,,,,,,,,〇,output,output,,,,
,,,,,,,,,,,〇,不要,不要,,,,
,,,,,,,,,,,〇,不要,不要,,,,
,,,,,,,,,,,〇,EPA,EPA,,,,
,,,,,,,,,,,〇,EPA,EPA,,,,
,,,,,,,,,,,〇,EPA,EPA,,,,
,,,,,,,,,,,〇,EPA,EPA,,,,
,,,,,,,,,,,〇,EPA,EPA,,,,
,,,,,,,,,,,〇,EPA,EPA,,,,
,,,,,,,,,,,〇,EPA,EPA,,,,
,,,,,,,,,,,,,,,,,
,,,,,,,,,,,〇,EPA,EPA,,,,
,,,,,,,,,,,,,,,,,
,,,,,,,,,,,,,,,,,
,,,,,,,,,,,,,,,,,
,,,,,,,,,,,,,,,,,
,,,,,,,,,,,,,,,,,
,,,,,,,,,,,,,,,,,
,,,,,,,,,,,,,,,,,
,,,,,,,,,,,,,,,,,
,,,,,,,,,,,,,,,,,
,,,,,,,,,,,,,,,,,
,,,,,,,,,,,,,,,,,
,,,,,,,,,,,,,,,,,
,,,,,,,,,,,,,,,,,
,,,,,,,,,,,,,,,,,
,,,,,,,,,,,,,,,,,
,,,,,,,,,,,,,,,,,
,,,,,,,,,,,,,,,,,
,,,,,,,,,,,,,,,,,
,,,,,,,,,,,,,,,,,
,,,,,,,,,,,,,,,,,
,,,,,,,,,,,,,,,,,
,,,,,,,,,,,,,,,,,
,,,,,,,,,,,,,,,,,
,,,,,,,,,,,,,,,,,
,,,,,,,,,,,,,,,,,
,,,,,,,,,,,,,,,,,
,,,,,,,,,,,,,,,,,
,,,,,,,,,,,,,,,,,
,,,,,,,,,,,,,,,,,
,,,,,,,,,,,,,,,,,
,,,,,,,,,,,,,,,,,
,,,,,,,,,,,,,,,,,
,,,,,,,,,,,,,,,,,
,,,,,,,,,,,,,,,,,
,,,,,,,,,,,,,,,,,
,,,,,,,,,,,,,,,,,
,,,,,,,,,,,,,,,,,
,,,,,,,,,,,,,,,,,
,,,,,,,,,,,,,,,,,
,,,,,,,,,,,,,,,,,
,,,,,,,,,,,,,,,,,
,,,,,,,,,,,,,,,,,
,,,,,,,,,,,,,,,,,
,,,,,,,,,,,,,,,,,
,,,,,,,,,,,,,,,,,
,,,,,,,,,,,,,,,,,
,,,,,,,,,,,,,,,,,
,,,,,,,,,,,,,,,,,
,,,,,,,,,,,,,,,,,
,,,,,,,,,,,,,,,,,
,,,,,,,,,,,,,,,,,
,,,,,,,,,,,,,,,,,
,,,,,,,,,,,,,,,,,
,,,,,,,,,,,,,,,,,
,,,,,,,,,,,,,,,,,
,,,,,,,,,,,,,,,,,
,,,,,,,,,,,,,,,,,
,,,,,,,,,,,,,,,,,
,,,,,,,,,,,,,,,,,
,,,,,,,,,,,,,,,,,
,,,,,,,,,,,,,,,,,
,,,,,,,,,,,,,,,,,
,,,,,,,,,,,,,,,,,
,,,,,,,,,,,,,,,,,
,,,,,,,,,,,,,,,,,
,,,,,,,,,,,,,,,,,
,,,,,,,,,,,,,,,,,
,,,,,,,,,,,,,,,,,
,,,,,,,,,,,,,,,,,
,,,,,,,,,,,,,,,,,
,,,,,,,,,,,,,,,,,
,,,,,,,,,,,,,,,,,
,,,,,,,,,,,,,,,,,
,,,,,,,,,,,,,,,,,
,,,,,,,,,,,,,,,,,
,,,,,,,,,,,,,,,,,
,,,,,,,,,,,,,,,,,
,,,,,,,,,,,,,,,,,
,,,,,,,,,,,,,,,,,
,,,,,,,,,,,,,,,,,
,,,,,,,,,,,,,,,,,
,,,,,,,,,,,,,,,,,
,,,,,,,,,,,,,,,,,
,,,,,,,,,,,,,,,,,
,,,,,,,,,,,,,,,,,
,,,,,,,,,,,,,,,,,
,,,,,,,,,,,,,,,,,
,,,,,,,,,,,,,,,,,
,,,,,,,,,,,,,,,,,
,,,,,,,,,,,,,,,,,
,,,,,,,,,,,,,,,,,
,,,,,,,,,,,,,,,,,
,,,,,,,,,,,,,,,,,
,,,,,,,,,,,,,,,,,
,,,,,,,,,,,,,,,,,
,,,,,,,,,,,,,,,,,
,,,,,,,,,,,,,,,,,
,,,,,,,,,,,,,,,,,
,,,,,,,,,,,,,,,,,
,,,,,,,,,,,,,,,,,
,,,,,,,,,,,,,,,,,
,,,,,,,,,,,,,,,,,
,,,,,,,,,,,,,,,,,
,,,,,,,,,,,,,,,,,
,,,,,,,,,,,,,,,,,
,,,,,,,,,,,,,,,,,
,,,,,,,,,,,,,,,,,
,,,,,,,,,,,,,,,,,
,,,,,,,,,,,,,,,,,
,,,,,,,,,,,,,,,,,
,,,,,,,,,,,,,,,,,
,,,,,,,,,,,,,,,,,
,,,,,,,,,,,,,,,,,
,,,,,,,,,,,,,,,,,
,,,,,,,,,,,,,,,,,
,,,,,,,,,,,,,,,,,
,,,,,,,,,,,,,,,,,
,,,,,,,,,,,,,,,,,
,,,,,,,,,,,,,,,,,
,,,,,,,,,,,,,,,,,
,,,,,,,,,,,,,,,,,
,,,,,,,,,,,,,,,,,
,,,,,,,,,,,,,,,,,
,,,,,,,,,,,,,,,,,
,,,,,,,,,,,,,,,,,
,,,,,,,,,,,,,,,,,
,,,,,,,,,,,,,,,,,
,,,,,,,,,,,,,,,,,
,,,,,,,,,,,,,,,,,
,,,,,,,,,,,,,,,,,
,,,,,,,,,,,,,,,,,
,,,,,,,,,,,,,,,,,
,,,,,,,,,,,,,,,,,
,,,,,,,,,,,,,,,,,
,,,,,,,,,,,,,,,,,
,,,,,,,,,,,,,,,,,
,,,,,,,,,,,,,,,,,
,,,,,,,,,,,,,,,,,
,,,,,,,,,,,,,,,,,
,,,,,,,,,,,,,,,,,
,,,,,,,,,,,,,,,,,
,,,,,,,,,,,,,,,,,
,,,,,,,,,,,,,,,,,
,,,,,,,,,,,,,,,,,
,,,,,,,,,,,,,,,,,
,,,,,,,,,,,,,,,,,
,,,,,,,,,,,,,,,,,
,,,,,,,,,,,,,,,,,
,,,,,,,,,,,,,,,,,
,,,,,,,,,,,,,,,,,
,,,,,,,,,,,,,,,,,
,,,,,,,,,,,,,,,,,
,,,,,,,,,,,,,,,,,
,,,,,,,,,,,,,,,,,
,,,,,,,,,,,,,,,,,
,,,,,,,,,,,,,,,,,
,,,,,,,,,,,,,,,,,
,,,,,,,,,,,,,,,,,
,,,,,,,,,,,,,,,,,
,,,,,,,,,,,,,,,,,
,,,,,,,,,,,,,,,,,
,,,,,,,,,,,,,,,,,
,,,,,,,,,,,,,,,,,
,,,,,,,,,,,,,,,,,
,,,,,,,,,,,,,,,,,
,,,,,,,,,,,,,,,,,
,,,,,,,,,,,,,,,,,
,,,,,,,,,,,,,,,,,
,,,,,,,,,,,,,,,,,
,,,,,,,,,,,,,,,,,
,,,,,,,,,,,,,,,,,
,,,,,,,,,,,,,,,,,
,,,,,,,,,,,,,,,,,
,,,,,,,,,,,,,,,,,
,,,,,,,,,,,,,,,,,
,,,,,,,,,,,,,,,,,
,,,,,,,,,,,,,,,,,
,,,,,,,,,,,,,,,,,
,,,,,,,,,,,,,,,,,
,,,,,,,,,,,,,,,,,
,,,,,,,,,,,,,,,,,
,,,,,,,,,,,,,,,,,
,,,,,,,,,,,,,,,,,
,,,,,,,,,,,,,,,,,
,,,,,,,,,,,,,,,,,
,,,,,,,,,,,,,,,,,
,,,,,,,,,,,,,,,,,
,,,,,,,,,,,,,,,,,
,,,,,,,,,,,,,,,,,
,,,,,,,,,,,,,,,,,
,,,,,,,,,,,,,,,,,
,,,,,,,,,,,,,,,,,
,,,,,,,,,,,,,,,,,
,,,,,,,,,,,,,,,,,
,,,,,,,,,,,,,,,,,
,,,,,,,,,,,,,,,,,
,,,,,,,,,,,,,,,,,
,,,,,,,,,,,,,,,,,
,,,,,,,,,,,,,,,,,
,,,,,,,,,,,,,,,,,
,,,,,,,,,,,,,,,,,
,,,,,,,,,,,,,,,,,
,,,,,,,,,,,,,,,,,
,,,,,,,,,,,,,,,,,
,,,,,,,,,,,,,,,,,
,,,,,,,,,,,,,,,,,
,,,,,,,,,,,,,,,,,
,,,,,,,,,,,,,,,,,
,,,,,,,,,,,,,,,,,
,,,,,,,,,,,,,,,,,
,,,,,,,,,,,,,,,,,
,,,,,,,,,,,,,,,,,
,,,,,,,,,,,,,,,,,
,,,,,,,,,,,,,,,,,
,,,,,,,,,,,,,,,,,
,,,,,,,,,,,,,,,,,
,,,,,,,,,,,,,,,,,
,,,,,,,,,,,,,,,,,
,,,,,,,,,,,,,,,,,
,,,,,,,,,,,,,,,,,
,,,,,,,,,,,,,,,,,
,,,,,,,,,,,,,,,,,
,,,,,,,,,,,,,,,,,
,,,,,,,,,,,,,,,,,
,,,,,,,,,,,,,,,,,
,,,,,,,,,,,,,,,,,
,,,,,,,,,,,,,,,,,
,,,,,,,,,,,,,,,,,
,,,,,,,,,,,,,,,,,
,,,,,,,,,,,,,,,,,
,,,,,,,,,,,,,,,,,
,,,,,,,,,,,,,,,,,
,,,,,,,,,,,,,,,,,
,,,,,,,,,,,,,,,,,
,,,,,,,,,,,,,,,,,
,,,,,,,,,,,,,,,,,
,,,,,,,,,,,,,,,,,
,,,,,,,,,,,,,,,,,
,,,,,,,,,,,,,,,,,
,,,,,,,,,,,,,,,,,
,,,,,,,,,,,,,,,,,
,,,,,,,,,,,,,,,,,
,,,,,,,,,,,,,,,,,
,,,,,,,,,,,,,,,,,
,,,,,,,,,,,,,,,,,
,,,,,,,,,,,,,,,,,
,,,,,,,,,,,,,,,,,
,,,,,,,,,,,,,,,,,
,,,,,,,,,,,,,,,,,
,,,,,,,,,,,,,,,,,
,,,,,,,,,,,,,,,,,
,,,,,,,,,,,,,,,,,
,,,,,,,,,,,,,,,,,実施はダメ？
,,,,,,,,,,,,,,,,,
,,,,,,,,,,,,,,,,,
,,,,,,,,,,,,,,,,,
,,,,,,,,,,,,,,,,,
,,,,,,,,,,,,,,,,,
,,,,,,,,,,,,,,,,,
,,,,,,,,,,,,,,,,,
,,,,,,,,,,,,,,,,,
,,,,,,,,,,,,,,,,,
,,,,,,,,,,,,,,,,,
,,,,,,,,,,,,,,,,,
,,,,,,,,,,,,,,,,,
,,,,,,,,,,,,,,,,,
,,,,,,,,,,,,,,,,,
,,,,,,,,,,,,,,,,,
,,,,,,,,,,,,,,,,,
,,,,,,,,,,,,,,,,,
,,,,,,,,,,,,,,,,,
,,,,,,,,,,,,,,,,,
,,,,,,,,,,,,,,,,,
,,,,,,,,,,,,,,,,,治療手技？
,,,,,,,,,,,,,,,,,
,,,,,,,,,,,,,,,,,
,,,,,,,,,,,,,,,,,
,,,,,,,,,,,,,,,,,
,,,,,,,,,,,,,,,,,
,,,,,,,,,,,,,,,,,
,,,,,,,,,,,〇,EPA,EPA,,,,
,,,,,,,,,,,〇,EPA,EPA,,,,
,,,,,,,,,,,〇,output,output,,,,不要？診療科ごとに必要か
,,,,,,,,,,,〇,output - 外科手技にあるため統合,重複　不要,,,,不要？診療科ごとに必要か
,,,,,,,,,,,〇,output - 不要,input - 不要,,,,
,,,,,,,,,,,〇,output - 不要,input - 不要,,,,不要？
,,,,,,,,,,,〇,input - 一般手技に同じものあり,input - 不要　重複,,,,
,,,,,,,,,,,,,,,,,
,,,,,,,,,,,,,,,,,
,,,,,,,,,,,〇,総合に統合?(幅広い診療の場への参加),,,,,
,,,,,,,,,,,〇,総合に統合?(幅広い診療の場への参加),,,,,
,,,,,,,,,,,〇,総合に統合?(幅広い診療の場への参加),,,,,
,,,,,,,,,,,〇,総合に統合?(幅広い診療の場への参加),,,,,
,,,,,,,,,,,,,,,,,
,,,,,,,,,,,,,,,,,不要？診療科ごとに必要か
,,,,,,,,,,,,,,,,,不要？診療科ごとに必要か
,,,,,,,,,,,〇,総合に統合?(幅広い診療の場への参加),,,,,
,,,,,,,,,,,,,,,,,
,,,,,,,,,,,〇,総合に統合?(幅広い診療の場への参加),,,,,
,,,,,,,,,,,〇,総合に統合?(幅広い診療の場への参加),,,,,
,,,,,,,,,,,,,,,,,
,,,,,,,,,,,〇,総合に統合?(幅広い診療の場への参加),,,,,
,,,,,,,,,,,,,,,,,
,,,,,,,,,,,,,,,,,不要？診療科ごとに必要か
,,,,,,,,,,,,,,,,,不要？診療科ごとに必要か
,,,,,,,,,,,〇,総合に統合?(幅広い診療の場への参加),,,,,
,,,,,,,,,,,〇,総合に統合?(幅広い診療の場への参加),,,,,
,,,,,,,,,,,,,,,,,
,,,,,,,,,,,,,,,,,不要？診療科ごとに必要か
,,,,,,,,,,,,,,,,,不要？診療科ごとに必要か
,,,,,,,,,,,〇,総合に統合?(幅広い診療の場への参加),,,,,
,,,,,,,,,,,〇,総合に統合?(幅広い診療の場への参加),,,,,
,,,,,,,,,,,,,,,,,
,,,,,,,,,,,,,,,,,不要？診療科ごとに必要か
,,,,,,,,,,,〇,総合に統合?,,,,,
,,,,,,,,,,,,,,,,,
,,,,,,,,,,,〇,総合に統合?,,,,,
,,,,,,,,,,,,,,,,,
,,,,,,,,,,,,,,,,,
,,,,,,,,,,,〇,ouput - 一次救命に統合,,,,,不要？診療科ごとに必要か
,,,,,,,,,,,,,,,,,不要？診療科ごとに必要か
,,,,,,,,,,,,,,,,,
,,,,,,,,,,,,,,,,,
,,,,,,,,,,,,,,,,,
,,,,,,,,,,,,,,,,,
,,,,,,,,,,,,,,,,,不要？診療科ごとに必要か
,,,,,,,,,,,,,,,,,不要？診療科ごとに必要か
,,,,,,,,,,,〇,総合に統合?(幅広い診療の場への参加),,,,,
,,,,,,,,,,,〇,総合に統合?(幅広い診療の場への参加),,,,,
,,,,,,,,,,,,,,,,,
,,,,,,,,,,,,,,,,,不要？診療科ごとに必要か
,,,,,,,,,,,,,,,,,不要？診療科ごとに必要か
,,,,,,,,,,,〇,総合に統合?(幅広い診療の場への参加),,,,,
,,,,,,,,,,,〇,総合に統合?(幅広い診療の場への参加),,,,,
,,,,,,,,,,,,,,,,,
,,,,,,,,,,,,,,,,,不要？診療科ごとに必要か
,,,,,,,,,,,,,,,,,不要？診療科ごとに必要か
,,,,,,,,,,,〇,総合に統合?(幅広い診療の場への参加),,,,,
,,,,,,,,,,,〇,総合に統合?(幅広い診療の場への参加),,,,,
,,,,,,,,,,,,,,,,,
,,,,,,,,,,,,,,,,,不要？診療科ごとに必要か
,,,,,,,,,,,,,,,,,不要？診療科ごとに必要か
,,,,,,,,,,,〇,総合に統合?(幅広い診療の場への参加),,,,,
,,,,,,,,,,,〇,総合に統合?(幅広い診療の場への参加),,,,,
,,,,,,,,,,,,,,,,,
,,,,,,,,,,,,,,,,,不要？診療科ごとに必要か
,,,,,,,,,,,,,,,,,不要？診療科ごとに必要か
,,,,,,,,,,,〇,総合に統合?(幅広い診療の場への参加),,,,,
,,,,,,,,,,,〇,総合に統合?(幅広い診療の場への参加),,,,,
,,,,,,,,,,,,,,,,,
,,,,,,,,,,,,,,,,,不要？診療科ごとに必要か
,,,,,,,,,,,,,,,,,不要？診療科ごとに必要か
,,,,,,,,,,,〇,総合に統合?(幅広い診療の場への参加),,,,,
,,,,,,,,,,,〇,総合に統合?(幅広い診療の場への参加),,,,,
,,,,,,,,,,,,,,,,,
,,,,,,,,,,,,,,,,,不要？診療科ごとに必要か
,,,,,,,,,,,,,,,,,不要？診療科ごとに必要か
,,,,,,,,,,,〇,総合に統合?(幅広い診療の場への参加),,,,,
,,,,,,,,,,,〇,総合に統合?(幅広い診療の場への参加),,,,,
,,,,,,,,,,,,,,,,,
,,,,,,,,,,,,,,,,,不要？診療科ごとに必要か
,,,,,,,,,,,,,,,,,不要？診療科ごとに必要か
,,,,,,,,,,,〇,総合に統合?(幅広い診療の場への参加),,,,,
,,,,,,,,,,,〇,総合に統合?(幅広い診療の場への参加),,,,,
,,,,,,,,,,,,,,,,,
,,,,,,,,,,,,,,,,,不要？診療科ごとに必要か
,,,,,,,,,,,,,,,,,不要？診療科ごとに必要か
,,,,,,,,,,,〇,総合に統合?(幅広い診療の場への参加),,,,,
,,,,,,,,,,,〇,総合に統合?(幅広い診療の場への参加),,,,,
,,,,,,,,,,,,,,,,,
,,,,,,,,,,,,,,,,,不要？診療科ごとに必要か
,,,,,,,,,,,,,,,,,不要？診療科ごとに必要か
,,,,,,,,,,,〇,総合に統合?(幅広い診療の場への参加),,,,,
,,,,,,,,,,,〇,総合に統合?(幅広い診療の場への参加),,,,,
,,,,,,,,,,,,,,,,,
,,,,,,,,,,,,,,,,,不要？診療科ごとに必要か
,,,,,,,,,,,,,,,,,不要？診療科ごとに必要か
,,,,,,,,,,,〇,総合に統合?(幅広い診療の場への参加),,,,,
,,,,,,,,,,,〇,総合に統合?(幅広い診療の場への参加),,,,,
,,,,,,,,,,,,,,,,,
,,,,,,,,,,,,,,,,,不要？診療科ごとに必要か
,,,,,,,,,,,,,,,,,不要？診療科ごとに必要か
,,,,,,,,,,,〇,総合に統合?(幅広い診療の場への参加),,,,,
,,,,,,,,,,,〇,総合に統合?(幅広い診療の場への参加),,,,,
,,,,,,,,,,,,,,,,,
,,,,,,,,,,,,,,,,,不要？診療科ごとに必要か
,,,,,,,,,,,,,,,,,不要？診療科ごとに必要か
,,,,,,,,,,,〇,総合に統合?(幅広い診療の場への参加),,,,,
,,,,,,,,,,,〇,総合に統合?(幅広い診療の場への参加),,,,,
,,,,,,,,,,,,,,,,,
,,,,,,,,,,,,,,,,,不要？診療科ごとに必要か
,,,,,,,,,,,,,,,,,不要？診療科ごとに必要か
,,,,,,,,,,,〇,総合に統合?(幅広い診療の場への参加),,,,,
,,,,,,,,,,,〇,総合に統合?(幅広い診療の場への参加),,,,,
